-- MySQL dump 10.13  Distrib 5.5.62, for debian-linux-gnu (x86_64)
--
-- Host: localhost    Database: pebidi
-- ------------------------------------------------------
-- Server version	5.5.62-0ubuntu0.14.04.1

/*!40101 SET @OLD_CHARACTER_SET_CLIENT=@@CHARACTER_SET_CLIENT */;
/*!40101 SET @OLD_CHARACTER_SET_RESULTS=@@CHARACTER_SET_RESULTS */;
/*!40101 SET @OLD_COLLATION_CONNECTION=@@COLLATION_CONNECTION */;
/*!40101 SET NAMES utf8 */;
/*!40103 SET @OLD_TIME_ZONE=@@TIME_ZONE */;
/*!40103 SET TIME_ZONE='+00:00' */;
/*!40014 SET @OLD_UNIQUE_CHECKS=@@UNIQUE_CHECKS, UNIQUE_CHECKS=0 */;
/*!40014 SET @OLD_FOREIGN_KEY_CHECKS=@@FOREIGN_KEY_CHECKS, FOREIGN_KEY_CHECKS=0 */;
/*!40101 SET @OLD_SQL_MODE=@@SQL_MODE, SQL_MODE='NO_AUTO_VALUE_ON_ZERO' */;
/*!40111 SET @OLD_SQL_NOTES=@@SQL_NOTES, SQL_NOTES=0 */;

--
-- Table structure for table `DictionariesWord`
--

DROP TABLE IF EXISTS `DictionariesWord`;
/*!40101 SET @saved_cs_client     = @@character_set_client */;
/*!40101 SET character_set_client = utf8 */;
CREATE TABLE `DictionariesWord` (
  `dictionary_id` int(11) NOT NULL,
  `word_id` int(11) NOT NULL,
  PRIMARY KEY (`dictionary_id`,`word_id`),
  KEY `IDX_E3F1419AF5E5B3C` (`dictionary_id`),
  KEY `IDX_E3F1419E357438D` (`word_id`),
  CONSTRAINT `FK_E3F1419AF5E5B3C` FOREIGN KEY (`dictionary_id`) REFERENCES `Dictionary` (`id`) ON DELETE CASCADE,
  CONSTRAINT `FK_E3F1419E357438D` FOREIGN KEY (`word_id`) REFERENCES `Word` (`id`) ON DELETE CASCADE
) ENGINE=InnoDB DEFAULT CHARSET=utf8 COLLATE=utf8_unicode_ci;
/*!40101 SET character_set_client = @saved_cs_client */;

--
-- Dumping data for table `DictionariesWord`
--

LOCK TABLES `DictionariesWord` WRITE;
/*!40000 ALTER TABLE `DictionariesWord` DISABLE KEYS */;
/*!40000 ALTER TABLE `DictionariesWord` ENABLE KEYS */;
UNLOCK TABLES;

--
-- Table structure for table `Dictionary`
--

DROP TABLE IF EXISTS `Dictionary`;
/*!40101 SET @saved_cs_client     = @@character_set_client */;
/*!40101 SET character_set_client = utf8 */;
CREATE TABLE `Dictionary` (
  `id` int(11) NOT NULL AUTO_INCREMENT,
  `user_id` int(11) DEFAULT NULL,
  `title` varchar(191) COLLATE utf8_unicode_ci DEFAULT NULL,
  `description` varchar(191) COLLATE utf8_unicode_ci DEFAULT NULL,
  `originLang` varchar(191) COLLATE utf8_unicode_ci DEFAULT NULL,
  `lang` varchar(191) COLLATE utf8_unicode_ci DEFAULT NULL,
  `score` double NOT NULL,
  `private` int(11) NOT NULL,
  `main` int(11) NOT NULL,
  `groupWord` int(11) NOT NULL,
  `created` datetime NOT NULL,
  `slug` varchar(128) COLLATE utf8_unicode_ci NOT NULL,
  `disabled` int(11) NOT NULL,
  PRIMARY KEY (`id`),
  UNIQUE KEY `UNIQ_50FDE6F6989D9B62` (`slug`),
  KEY `IDX_50FDE6F6A76ED395` (`user_id`),
  CONSTRAINT `FK_50FDE6F6A76ED395` FOREIGN KEY (`user_id`) REFERENCES `User` (`id`)
) ENGINE=InnoDB AUTO_INCREMENT=8 DEFAULT CHARSET=utf8 COLLATE=utf8_unicode_ci;
/*!40101 SET character_set_client = @saved_cs_client */;

--
-- Dumping data for table `Dictionary`
--

LOCK TABLES `Dictionary` WRITE;
/*!40000 ALTER TABLE `Dictionary` DISABLE KEYS */;
INSERT INTO `Dictionary` VALUES (1,1,NULL,NULL,'fr','en',0,0,1,0,'2020-04-09 12:11:48','1',0),(2,2,NULL,NULL,'fr','en',0,0,1,0,'2020-04-11 06:32:06','2',0),(3,3,NULL,NULL,'fr','en',0,0,1,0,'2020-04-13 15:03:54','3',0),(4,4,NULL,NULL,'fr','en',0,0,1,0,'2020-04-14 23:55:09','4',0),(5,5,NULL,NULL,'fr','en',0,0,1,0,'2020-04-25 10:06:17','5',0),(6,6,NULL,NULL,'fr','en',0,0,1,0,'2020-04-30 14:46:30','6',0),(7,7,NULL,NULL,'fr','en',0,0,1,0,'2020-04-30 14:47:13','7',0);
/*!40000 ALTER TABLE `Dictionary` ENABLE KEYS */;
UNLOCK TABLES;

--
-- Table structure for table `DictionaryScore`
--

DROP TABLE IF EXISTS `DictionaryScore`;
/*!40101 SET @saved_cs_client     = @@character_set_client */;
/*!40101 SET character_set_client = utf8 */;
CREATE TABLE `DictionaryScore` (
  `id` int(11) NOT NULL AUTO_INCREMENT,
  `user_id` int(11) DEFAULT NULL,
  `dictionary_id` int(11) DEFAULT NULL,
  `score` double NOT NULL,
  PRIMARY KEY (`id`),
  KEY `IDX_C09F1E9BA76ED395` (`user_id`),
  KEY `IDX_C09F1E9BAF5E5B3C` (`dictionary_id`),
  CONSTRAINT `FK_C09F1E9BA76ED395` FOREIGN KEY (`user_id`) REFERENCES `User` (`id`),
  CONSTRAINT `FK_C09F1E9BAF5E5B3C` FOREIGN KEY (`dictionary_id`) REFERENCES `Dictionary` (`id`)
) ENGINE=InnoDB DEFAULT CHARSET=utf8 COLLATE=utf8_unicode_ci;
/*!40101 SET character_set_client = @saved_cs_client */;

--
-- Dumping data for table `DictionaryScore`
--

LOCK TABLES `DictionaryScore` WRITE;
/*!40000 ALTER TABLE `DictionaryScore` DISABLE KEYS */;
/*!40000 ALTER TABLE `DictionaryScore` ENABLE KEYS */;
UNLOCK TABLES;

--
-- Table structure for table `DictionaryWord`
--

DROP TABLE IF EXISTS `DictionaryWord`;
/*!40101 SET @saved_cs_client     = @@character_set_client */;
/*!40101 SET character_set_client = utf8 */;
CREATE TABLE `DictionaryWord` (
  `id` int(11) NOT NULL AUTO_INCREMENT,
  `word_id` int(11) DEFAULT NULL,
  `dictionary_id` int(11) DEFAULT NULL,
  `score` double NOT NULL,
  PRIMARY KEY (`id`),
  KEY `IDX_A7D8F142E357438D` (`word_id`),
  KEY `IDX_A7D8F142AF5E5B3C` (`dictionary_id`),
  CONSTRAINT `FK_A7D8F142AF5E5B3C` FOREIGN KEY (`dictionary_id`) REFERENCES `Dictionary` (`id`),
  CONSTRAINT `FK_A7D8F142E357438D` FOREIGN KEY (`word_id`) REFERENCES `Word` (`id`)
) ENGINE=InnoDB AUTO_INCREMENT=4306 DEFAULT CHARSET=utf8 COLLATE=utf8_unicode_ci;
/*!40101 SET character_set_client = @saved_cs_client */;

--
-- Dumping data for table `DictionaryWord`
--

LOCK TABLES `DictionaryWord` WRITE;
/*!40000 ALTER TABLE `DictionaryWord` DISABLE KEYS */;
INSERT INTO `DictionaryWord` VALUES (2,8345,1,1),(3,9070,1,1),(4,12766,1,0),(5,13343,1,0),(6,13481,1,0),(7,13482,1,1),(8,13484,1,0.5),(11,13507,1,0.5),(14,13524,1,1),(15,13525,1,0),(16,13526,1,0.2),(17,13527,1,0),(18,13537,1,0.333333333),(19,14557,1,0.5),(20,14703,1,1),(21,17407,1,0),(22,19993,1,1),(23,21561,1,1),(24,23203,1,0),(25,23992,1,0),(26,24073,1,0),(27,24074,1,0),(28,24075,1,0),(29,24076,1,0),(30,24078,1,0),(31,24079,1,0),(32,24080,1,0),(33,24083,1,0),(34,24084,1,0),(35,24085,1,0),(36,13321,1,0),(37,16581,3,0),(38,23640,1,0),(39,9353,1,0),(40,10,4,0),(41,13539,4,0),(42,13541,4,0),(43,13542,4,0),(44,13545,4,0),(45,13549,4,0),(46,103,4,0),(47,105,4,0),(48,13552,4,0),(49,13554,4,0),(50,110,4,0),(51,114,4,0),(52,13556,4,0),(53,13558,4,0),(54,13562,4,0),(55,13566,4,0),(56,13568,4,0),(57,13573,4,0),(58,13576,4,0),(59,13578,4,0),(60,13580,4,0),(61,13583,4,0),(62,13585,4,0),(63,13586,4,0),(64,13593,4,0),(65,145,4,0),(66,13598,4,0),(67,13599,4,0),(68,13603,4,0),(69,151,4,0),(70,13604,4,0),(71,13606,4,0),(72,13608,4,0),(73,13611,4,0),(74,13612,4,0),(75,173,4,0),(76,13614,4,0),(77,13618,4,0),(78,181,4,0),(79,13626,4,0),(80,13630,4,0),(81,13636,4,0),(82,191,4,0),(83,197,4,0),(84,13639,4,0),(85,13641,4,0),(86,13644,4,0),(87,13646,4,0),(88,13647,4,0),(89,13651,4,0),(90,13653,4,0),(91,13655,4,0),(92,236,4,0),(93,13657,4,0),(94,13658,4,0),(95,13659,4,0),(96,13661,4,0),(97,13665,4,0),(98,13667,4,0),(99,13670,4,0),(100,13672,4,0),(101,13678,4,0),(102,13680,4,0),(103,13681,4,0),(104,13683,4,0),(105,13685,4,0),(106,279,4,0),(107,13688,4,0),(108,13690,4,0),(109,13691,4,0),(110,297,4,0),(111,13693,4,0),(112,299,4,0),(113,13703,4,0),(114,13725,4,0),(115,305,4,0),(116,13731,4,0),(117,13735,4,0),(118,13738,4,0),(119,13751,4,0),(120,13754,4,0),(121,319,4,0),(122,13757,4,0),(123,13759,4,0),(124,13761,4,0),(125,13774,4,0),(126,336,4,0),(127,13779,4,0),(128,13780,4,0),(129,13783,4,0),(130,359,4,0),(131,13785,4,0),(132,13787,4,0),(133,13789,4,0),(134,13790,4,0),(135,13792,4,0),(136,374,4,0),(137,13794,4,0),(138,13796,4,0),(139,13799,4,0),(140,13802,4,0),(141,13805,4,0),(142,13807,4,0),(143,13809,4,0),(144,13811,4,0),(145,13814,4,0),(146,13823,4,0),(147,458,4,0),(148,13824,4,0),(149,13832,4,0),(150,459,4,0),(151,13843,4,0),(152,13844,4,0),(153,13846,4,0),(154,13847,4,0),(155,13852,4,0),(156,13856,4,0),(157,13863,4,0),(158,13865,4,0),(159,13866,4,0),(160,13869,4,0),(161,13871,4,0),(162,13873,4,0),(163,13876,4,0),(164,13878,4,0),(165,13881,4,0),(166,13883,4,0),(167,13909,4,0),(168,489,4,0),(169,13910,4,0),(170,491,4,0),(171,13911,4,0),(172,13916,4,0),(173,13918,4,0),(174,13922,4,0),(175,13925,4,0),(176,13932,4,0),(177,13935,4,0),(178,13938,4,0),(179,13941,4,0),(180,532,4,0),(181,13949,4,0),(182,13950,4,0),(183,588,4,0),(184,605,4,0),(185,607,4,0),(186,13951,4,0),(187,13952,4,0),(188,624,4,0),(189,630,4,0),(190,13959,4,0),(191,13963,4,0),(192,13965,4,0),(193,710,4,0),(194,13968,4,0),(195,13969,4,0),(196,13971,4,0),(197,13972,4,0),(198,13976,4,0),(199,711,4,0),(200,13978,4,0),(201,13993,4,0),(202,14003,4,0),(203,14006,4,0),(204,14008,4,0),(205,14009,4,0),(206,14012,4,0),(207,14014,4,0),(208,14018,4,0),(209,14025,4,0),(210,14026,4,0),(211,14030,4,0),(212,14031,4,0),(213,14037,4,0),(214,735,4,0),(215,14040,4,0),(216,14044,4,0),(217,14047,4,0),(218,14049,4,0),(219,14052,4,0),(220,747,4,0),(221,14053,4,0),(222,14057,4,0),(223,14060,4,0),(224,14061,4,0),(225,774,4,0),(226,14068,4,0),(227,14071,4,0),(228,780,4,0),(229,14072,4,0),(230,14081,4,0),(231,784,4,0),(232,14085,4,0),(233,14087,4,0),(234,788,4,0),(235,14089,4,0),(236,14108,4,0),(237,14113,4,0),(238,14115,4,0),(239,14119,4,0),(240,14120,4,0),(241,14123,4,0),(242,14124,4,0),(243,14129,4,0),(244,796,4,0),(245,14135,4,0),(246,14137,4,0),(247,14140,4,0),(248,14142,4,0),(249,822,4,0),(250,14147,4,0),(251,832,4,0),(252,14152,4,0),(253,14153,4,0),(254,14156,4,0),(255,14159,4,0),(256,14161,4,0),(257,14167,4,0),(258,14180,4,0),(259,841,4,0),(260,14182,4,0),(261,14185,4,0),(262,14189,4,0),(263,14190,4,0),(264,14192,4,0),(265,862,4,0),(266,14194,4,0),(267,14196,4,0),(268,14200,4,0),(269,14206,4,0),(270,14214,4,0),(271,14215,4,0),(272,14216,4,0),(273,14225,4,0),(274,14239,4,0),(275,14242,4,0),(276,14243,4,0),(277,14244,4,0),(278,14253,4,0),(279,14258,4,0),(280,14261,4,0),(281,14264,4,0),(282,14267,4,0),(283,14269,4,0),(284,14271,4,0),(285,13524,4,1),(286,14275,4,0),(287,14285,4,0),(288,969,4,0),(289,14296,4,0),(290,11283,4,0),(291,14297,4,0),(292,14300,4,0),(293,977,4,0),(294,983,4,0),(295,14302,4,0),(296,14310,4,0),(297,995,4,0),(298,14330,4,0),(299,1005,4,0),(300,14332,4,0),(301,14333,4,0),(302,14337,4,0),(303,1033,4,0),(304,14341,4,0),(305,14343,4,0),(306,14348,4,0),(307,14372,4,0),(308,14382,4,0),(309,14395,4,0),(310,1066,4,0),(311,14400,4,0),(312,14407,4,0),(313,14408,4,0),(314,1100,4,0),(315,14418,4,0),(316,14422,4,0),(317,14431,4,0),(318,1112,4,0),(319,14436,4,0),(320,14437,4,0),(321,14444,4,0),(322,14446,4,0),(323,14448,4,0),(324,1123,4,0),(325,14450,4,0),(326,14452,4,0),(327,14453,4,0),(328,1140,4,0),(329,1178,4,0),(330,14468,4,0),(331,14470,4,0),(332,1197,4,0),(333,14477,4,0),(334,14488,4,0),(335,1221,4,0),(336,1222,4,0),(337,14499,4,0),(338,14500,4,0),(339,1226,4,0),(340,1230,4,0),(341,1265,4,0),(342,14502,4,0),(343,14508,4,0),(344,1267,4,0),(345,1271,4,0),(346,14513,4,0),(347,14517,4,0),(348,14521,4,0),(349,1277,4,0),(350,14523,4,0),(351,1315,4,0),(352,1317,4,0),(353,14525,4,0),(354,1320,4,0),(355,14527,4,0),(356,14530,4,0),(357,14532,4,0),(358,1352,4,0),(359,14534,4,0),(360,1356,4,0),(361,14536,4,0),(362,1362,4,0),(363,14537,4,0),(364,14540,4,0),(365,14542,4,0),(366,14548,4,0),(367,14549,4,0),(368,1385,4,0),(369,14552,4,0),(370,14553,4,0),(371,14556,4,0),(372,14557,4,0.5),(373,14558,4,0),(374,14559,4,0),(375,14560,4,0),(376,1391,4,0),(377,14561,4,0),(378,14562,4,0),(379,14566,4,0),(380,14570,4,0),(381,1396,4,0),(382,14573,4,0),(383,1400,4,0),(384,14575,4,0),(385,14576,4,0),(386,14577,4,0),(387,1419,4,0),(388,1440,4,0),(389,14580,4,0),(390,14583,4,0),(391,14591,4,0),(392,14596,4,0),(393,1453,4,0),(394,14599,4,0),(395,14606,4,0),(396,14608,4,0),(397,1458,4,0),(398,14612,4,0),(399,14615,4,0),(400,1464,4,0),(401,14619,4,0),(402,14623,4,0),(403,1498,4,0),(404,1503,4,0),(405,14626,4,0),(406,14627,4,0),(407,14628,4,0),(408,14633,4,0),(409,1545,4,0),(410,1548,4,0),(411,1550,4,0),(412,14636,4,0),(413,14637,4,0),(414,14641,4,0),(415,14649,4,0),(416,14658,4,0),(417,14659,4,0),(418,14663,4,0),(419,14666,4,0),(420,1560,4,0),(421,14673,4,0),(422,14675,4,0),(423,14678,4,0),(424,14683,4,0),(425,14692,4,0),(426,14696,4,0),(427,14701,4,0),(428,14703,4,1),(429,14708,4,0),(430,14713,4,0),(431,14716,4,0),(432,1577,4,0),(433,14717,4,0),(434,14719,4,0),(435,14720,4,0),(436,1581,4,0),(437,14722,4,0),(438,14724,4,0),(439,14733,4,0),(440,1589,4,0),(441,14738,4,0),(442,14741,4,0),(443,1596,4,0),(444,14742,4,0),(445,14744,4,0),(446,14748,4,0),(447,1611,4,0),(448,1615,4,0),(449,1616,4,0),(450,14755,4,0),(451,14757,4,0),(452,1771,4,0),(453,14767,4,0),(454,14770,4,0),(455,1784,4,0),(456,14772,4,0),(457,14777,4,0),(458,14801,4,0),(459,14804,4,0),(460,1798,4,0),(461,14808,4,0),(462,14809,4,0),(463,14818,4,0),(464,14822,4,0),(465,14828,4,0),(466,14842,4,0),(467,1806,4,0),(468,14853,4,0),(469,14863,4,0),(470,14873,4,0),(471,14874,4,0),(472,1894,4,0),(473,14878,4,0),(474,14880,4,0),(475,14883,4,0),(476,14886,4,0),(477,1917,4,0),(478,1922,4,0),(479,14887,4,0),(480,14891,4,0),(481,14894,4,0),(482,14896,4,0),(483,1941,4,0),(484,1945,4,0),(485,1949,4,0),(486,14908,4,0),(487,14944,4,0),(488,14964,4,0),(489,14965,4,0),(490,14979,4,0),(491,14981,4,0),(492,1960,4,0),(493,14987,4,0),(494,14988,4,0),(495,14991,4,0),(496,14998,4,0),(497,15000,4,0),(498,15003,4,0),(499,15005,4,0),(500,15009,4,0),(501,15011,4,0),(502,15012,4,0),(503,2015,4,0),(504,15020,4,0),(505,15026,4,0),(506,2040,4,0),(507,15032,4,0),(508,15033,4,0),(509,15041,4,0),(510,15042,4,0),(511,15043,4,0),(512,15046,4,0),(513,15049,4,0),(514,15052,4,0),(515,15061,4,0),(516,15065,4,0),(517,15069,4,0),(518,2065,4,0),(519,2067,4,0),(520,2069,4,0),(521,15072,4,0),(522,15073,4,0),(523,2091,4,0),(524,15079,4,0),(525,2097,4,0),(526,15085,4,0),(527,15089,4,0),(528,15092,4,0),(529,15096,4,0),(530,2098,4,0),(531,15098,4,0),(532,2101,4,0),(533,15102,4,0),(534,15103,4,0),(535,15108,4,0),(536,15110,4,0),(537,15115,4,0),(538,15132,4,0),(539,15133,4,0),(540,15135,4,0),(541,15141,4,0),(542,2128,4,0),(543,15145,4,0),(544,15147,4,0),(545,15149,4,0),(546,15154,4,0),(547,2143,4,0),(548,15159,4,0),(549,15162,4,0),(550,15163,4,0),(551,15165,4,0),(552,15170,4,0),(553,15174,4,0),(554,15176,4,0),(555,15181,4,0),(556,2190,4,0),(557,15182,4,0),(558,15184,4,0),(559,2200,4,0),(560,15190,4,0),(561,15195,4,0),(562,15200,4,0),(563,15201,4,0),(564,2228,4,0),(565,15205,4,0),(566,15211,4,0),(567,2231,4,0),(568,2241,4,0),(569,15215,4,0),(570,15216,4,0),(571,15219,4,0),(572,15227,4,0),(573,15236,4,0),(574,15239,4,0),(575,2290,4,0),(576,2291,4,0),(577,15242,4,0),(578,2300,4,0),(579,15246,4,0),(580,15249,4,0),(581,15253,4,0),(582,2356,4,0),(583,15258,4,0),(584,15260,4,0),(585,15273,4,0),(586,15276,4,0),(587,2371,4,0),(588,15277,4,0),(589,15279,4,0),(590,15282,4,0),(591,15286,4,0),(592,15291,4,0),(593,15294,4,0),(594,2381,4,0),(595,15297,4,0),(596,2447,4,0),(597,15306,4,0),(598,15317,4,0),(599,15327,4,0),(600,2466,4,0),(601,15332,4,0),(602,2484,4,0),(603,15335,4,0),(604,15340,4,0),(605,2506,4,0),(606,2511,4,0),(607,15345,4,0),(608,15347,4,0),(609,2520,4,0),(610,15349,4,0),(611,2524,4,0),(612,15352,4,0),(613,15355,4,0),(614,2526,4,0),(615,15359,4,0),(616,15361,4,0),(617,15370,4,0),(618,15371,4,0),(619,2558,4,0),(620,15373,4,0),(621,15375,4,0),(622,15376,4,0),(623,15377,4,0),(624,15380,4,0),(625,15383,4,0),(626,15389,4,0),(627,2592,4,0),(628,15391,4,0),(629,15393,4,0),(630,15398,4,0),(631,15400,4,0),(632,2622,4,0),(633,2636,4,0),(634,15402,4,0),(635,15403,4,0),(636,15410,4,0),(637,15419,4,0),(638,2645,4,0),(639,15423,4,0),(640,2653,4,0),(641,15432,4,0),(642,15435,4,0),(643,15437,4,0),(644,15442,4,0),(645,2696,4,0),(646,2698,4,0),(647,15443,4,0),(648,15445,4,0),(649,15447,4,0),(650,15449,4,0),(651,15451,4,0),(652,15452,4,0),(653,15453,4,0),(654,15457,4,0),(655,15459,4,0),(656,15465,4,0),(657,15466,4,0),(658,15469,4,0),(659,15476,4,0),(660,2713,4,0),(661,15478,4,0),(662,15485,4,0),(663,2728,4,0),(664,15489,4,0),(665,2737,4,0),(666,2738,4,0),(667,15493,4,0),(668,2745,4,0),(669,15494,4,0),(670,15496,4,0),(671,15497,4,0),(672,2755,4,0),(673,15515,4,0),(674,15518,4,0),(675,2780,4,0),(676,15520,4,0),(677,15528,4,0),(678,15532,4,0),(679,2783,4,0),(680,15534,4,0),(681,15535,4,0),(682,15545,4,0),(683,2786,4,0),(684,15549,4,0),(685,15550,4,0),(686,2793,4,0),(687,15556,4,0),(688,15557,4,0),(689,15560,4,0),(690,15563,4,0),(691,15564,4,0),(692,15566,4,0),(693,15568,4,0),(694,2829,4,0),(695,2863,4,0),(696,15570,4,0),(697,15572,4,0),(698,15578,4,0),(699,15587,4,0),(700,15589,4,0),(701,15591,4,0),(702,2870,4,0),(703,15595,4,0),(704,2873,4,0),(705,15597,4,0),(706,15600,4,0),(707,15603,4,0),(708,15619,4,0),(709,2881,4,0),(710,15627,4,0),(711,15632,4,0),(712,15642,4,0),(713,15644,4,0),(714,15646,4,0),(715,2898,4,0),(716,15650,4,0),(717,15660,4,0),(718,2919,4,0),(719,15665,4,0),(720,15666,4,0),(721,15669,4,0),(722,2933,4,0),(723,2936,4,0),(724,15670,4,0),(725,2940,4,0),(726,15678,4,0),(727,15681,4,0),(728,15687,4,0),(729,2947,4,0),(730,15693,4,0),(731,15708,4,0),(732,2953,4,0),(733,15715,4,0),(734,2986,4,0),(735,15717,4,0),(736,15718,4,0),(737,15721,4,0),(738,15723,4,0),(739,15727,4,0),(740,3010,4,0),(741,15732,4,0),(742,15734,4,0),(743,15742,4,0),(744,15747,4,0),(745,15752,4,0),(746,3049,4,0),(747,15756,4,0),(748,3114,4,0),(749,3125,4,0),(750,15759,4,0),(751,15764,4,0),(752,15767,4,0),(753,15777,4,0),(754,15783,4,0),(755,15787,4,0),(756,15788,4,0),(757,15791,4,0),(758,15794,4,0),(759,3151,4,0),(760,15797,4,0),(761,15800,4,0),(762,15802,4,0),(763,15803,4,0),(764,15805,4,0),(765,15808,4,0),(766,15809,4,0),(767,15825,4,0),(768,15827,4,0),(769,15829,4,0),(770,15832,4,0),(771,15836,4,0),(772,15838,4,0),(773,15840,4,0),(774,15842,4,0),(775,15843,4,0),(776,15849,4,0),(777,15850,4,0),(778,15853,4,0),(779,15857,4,0),(780,15859,4,0),(781,3200,4,0),(782,15861,4,0),(783,15862,4,0),(784,15864,4,0),(785,15866,4,0),(786,15867,4,0),(787,15869,4,0),(788,3215,4,0),(789,15872,4,0),(790,15875,4,0),(791,15879,4,0),(792,15880,4,0),(793,15883,4,0),(794,15886,4,0),(795,15887,4,0),(796,15889,4,0),(797,15893,4,0),(798,15895,4,0),(799,15898,4,0),(800,15900,4,0),(801,15903,4,0),(802,15907,4,0),(803,15909,4,0),(804,15912,4,0),(805,15917,4,0),(806,15924,4,0),(807,15926,4,0),(808,15931,4,0),(809,3285,4,0),(810,15937,4,0),(811,3296,4,0),(812,15940,4,0),(813,15943,4,0),(814,3304,4,0),(815,15945,4,0),(816,15946,4,0),(817,15950,4,0),(818,3318,4,0),(819,3321,4,0),(820,15952,4,0),(821,15953,4,0),(822,15955,4,0),(823,15956,4,0),(824,15958,4,0),(825,15959,4,0),(826,3348,4,0),(827,15972,4,0),(828,15974,4,0),(829,15975,4,0),(830,15977,4,0),(831,15979,4,0),(832,15981,4,0),(833,3368,4,0),(834,15983,4,0),(835,15988,4,0),(836,15991,4,0),(837,15995,4,0),(838,15997,4,0),(839,3378,4,0),(840,15998,4,0),(841,15999,4,0),(842,16001,4,0),(843,3379,4,0),(844,3387,4,0),(845,16003,4,0),(846,16004,4,0),(847,16005,4,0),(848,16006,4,0),(849,16007,4,0),(850,3433,4,0),(851,16013,4,0),(852,16017,4,0),(853,3440,4,0),(854,16018,4,0),(855,16033,4,0),(856,16035,4,0),(857,16037,4,0),(858,3450,4,0),(859,16038,4,0),(860,16046,4,0),(861,16056,4,0),(862,3458,4,0),(863,16057,4,0),(864,16061,4,0),(865,16062,4,0),(866,3468,4,0),(867,16073,4,0),(868,16075,4,0),(869,16078,4,0),(870,16079,4,0),(871,16085,4,0),(872,16088,4,0),(873,16090,4,0),(874,3482,4,0),(875,3489,4,0),(876,16092,4,0),(877,16094,4,0),(878,16095,4,0),(879,3502,4,0),(880,16097,4,0),(881,16105,4,0),(882,3512,4,0),(883,16106,4,0),(884,16116,4,0),(885,16123,4,0),(886,3518,4,0),(887,16131,4,0),(888,16133,4,0),(889,16137,4,0),(890,16138,4,0),(891,3524,4,0),(892,16153,4,0),(893,16155,4,0),(894,16193,4,0),(895,16195,4,0),(896,16196,4,0),(897,16204,4,0),(898,16205,4,0),(899,16207,4,0),(900,3537,4,0),(901,16215,4,0),(902,16220,4,0),(903,16222,4,0),(904,16228,4,0),(905,16229,4,0),(906,16232,4,0),(907,16243,4,0),(908,13509,4,0),(909,16246,4,0),(910,16255,4,0),(911,16259,4,0),(912,16260,4,0),(913,16265,4,0),(914,16268,4,0),(915,16277,4,0),(916,3576,4,0),(917,3577,4,0),(918,16279,4,0),(919,16280,4,0),(920,16284,4,0),(921,16285,4,0),(922,3594,4,0),(923,3597,4,0),(924,16288,4,0),(925,16289,4,0),(926,16291,4,0),(927,16293,4,0),(928,16304,4,0),(929,16307,4,0),(930,16310,4,0),(931,3615,4,0),(932,16313,4,0),(933,3632,4,0),(934,16315,4,0),(935,16319,4,0),(936,16331,4,0),(937,16336,4,0),(938,16337,4,0),(939,16341,4,0),(940,16343,4,0),(941,3640,4,0),(942,16344,4,0),(943,16353,4,0),(944,16360,4,0),(945,16361,4,0),(946,3649,4,0),(947,3653,4,0),(948,16367,4,0),(949,16371,4,0),(950,3676,4,0),(951,16374,4,0),(952,16377,4,0),(953,3687,4,0),(954,3692,4,0),(955,16381,4,0),(956,16390,4,0),(957,16391,4,0),(958,3695,4,0),(959,3704,4,0),(960,16395,4,0),(961,16398,4,0),(962,16399,4,0),(963,3712,4,0),(964,3713,4,0),(965,16402,4,0),(966,16408,4,0),(967,16411,4,0),(968,3740,4,0),(969,16412,4,0),(970,3762,4,0),(971,16415,4,0),(972,16417,4,0),(973,16418,4,0),(974,16419,4,0),(975,16420,4,0),(976,16421,4,0),(977,16427,4,0),(978,16429,4,0),(979,16431,4,0),(980,16432,4,0),(981,16435,4,0),(982,16443,4,0),(983,16445,4,0),(984,16449,4,0),(985,16456,4,0),(986,16457,4,0),(987,3799,4,0),(988,16459,4,0),(989,16460,4,0),(990,16461,4,0),(991,16464,4,0),(992,16468,4,0),(993,16470,4,0),(994,16472,4,0),(995,16474,4,0),(996,16478,4,0),(997,16480,4,0),(998,16482,4,0),(999,16486,4,0),(1000,3840,4,0),(1001,16488,4,0),(1002,16491,4,0),(1003,16494,4,0),(1004,16495,4,0),(1005,16497,4,0),(1006,16498,4,0),(1007,16501,4,0),(1008,16502,4,0),(1009,16507,4,0),(1010,16510,4,0),(1011,16511,4,0),(1012,16512,4,0),(1013,16513,4,0),(1014,16516,4,0),(1015,16517,4,0),(1016,16522,4,0),(1017,16524,4,0),(1018,16527,4,0),(1019,16533,4,0),(1020,16534,4,0),(1021,16537,4,0),(1022,16542,4,0),(1023,3904,4,0),(1024,16543,4,0),(1025,16544,4,0),(1026,16546,4,0),(1027,3919,4,0),(1028,3923,4,0),(1029,16548,4,0),(1030,16551,4,0),(1031,16553,4,0),(1032,16555,4,0),(1033,3928,4,0),(1034,16556,4,0),(1035,16561,4,0),(1036,16563,4,0),(1037,16564,4,0),(1038,16566,4,0),(1039,16570,4,0),(1040,16575,4,0),(1041,16577,4,0),(1042,16579,4,0),(1043,3959,4,0),(1044,16581,4,0),(1045,3971,4,0),(1046,16584,4,0),(1047,16591,4,0),(1048,16593,4,0),(1049,16600,4,0),(1050,3978,4,0),(1051,16608,4,0),(1052,16612,4,0),(1053,16615,4,0),(1054,16616,4,0),(1055,16617,4,0),(1056,16620,4,0),(1057,16622,4,0),(1058,16624,4,0),(1059,16626,4,0),(1060,16629,4,0),(1061,16637,4,0),(1062,16638,4,0),(1063,16641,4,0),(1064,16643,4,0),(1065,16646,4,0),(1066,16649,4,0),(1067,16666,4,0),(1068,16671,4,0),(1069,16675,4,0),(1070,16680,4,0),(1071,16692,4,0),(1072,16696,4,0),(1073,4015,4,0),(1074,16698,4,0),(1075,16700,4,0),(1076,16704,4,0),(1077,16709,4,0),(1078,16711,4,0),(1079,16712,4,0),(1080,16716,4,0),(1081,16718,4,0),(1082,16720,4,0),(1083,16725,4,0),(1084,16728,4,0),(1085,16732,4,0),(1086,16735,4,0),(1087,4063,4,0),(1088,4068,4,0),(1089,16740,4,0),(1090,4191,4,0),(1091,16744,4,0),(1092,16756,4,0),(1093,4100,4,0),(1094,16757,4,0),(1095,4108,4,0),(1096,4109,4,0),(1097,16759,4,0),(1098,16761,4,0),(1099,16763,4,0),(1100,16772,4,0),(1101,16776,4,0),(1102,16780,4,0),(1103,16783,4,0),(1104,4121,4,0),(1105,16785,4,0),(1106,4175,4,0),(1107,16787,4,0),(1108,16791,4,0),(1109,16796,4,0),(1110,16797,4,0),(1111,16800,4,0),(1112,16802,4,0),(1113,4180,4,0),(1114,16804,4,0),(1115,16806,4,0),(1116,16808,4,0),(1117,16813,4,0),(1118,16819,4,0),(1119,16829,4,0),(1120,16836,4,0),(1121,16837,4,0),(1122,16841,4,0),(1123,16843,4,0),(1124,4208,4,0),(1125,16844,4,0),(1126,4213,4,0),(1127,16847,4,0),(1128,16851,4,0),(1129,16853,4,0),(1130,16859,4,0),(1131,4245,4,0),(1132,16860,4,0),(1133,16870,4,0),(1134,4277,4,0),(1135,4318,4,0),(1136,16876,4,0),(1137,4331,4,0),(1138,4333,4,0),(1139,4335,4,0),(1140,16891,4,0),(1141,16906,4,0),(1142,16909,4,0),(1143,4349,4,0),(1144,16911,4,0),(1145,16916,4,0),(1146,16922,4,0),(1147,4356,4,0),(1148,16924,4,0),(1149,4372,4,0),(1150,16925,4,0),(1151,16927,4,0),(1152,16928,4,0),(1153,16937,4,0),(1154,16943,4,0),(1155,16949,4,0),(1156,16953,4,0),(1157,16956,4,0),(1158,16958,4,0),(1159,4409,4,0),(1160,16959,4,0),(1161,4413,4,0),(1162,16963,4,0),(1163,16968,4,0),(1164,16969,4,0),(1165,16970,4,0),(1166,4415,4,0),(1167,4422,4,0),(1168,16971,4,0),(1169,4427,4,0),(1170,16974,4,0),(1171,16976,4,0),(1172,4431,4,0),(1173,16980,4,0),(1174,4435,4,0),(1175,16983,4,0),(1176,16984,4,0),(1177,4439,4,0),(1178,16987,4,0),(1179,16990,4,0),(1180,16991,4,0),(1181,4444,4,0),(1182,16994,4,0),(1183,17018,4,0),(1184,4456,4,0),(1185,4482,4,0),(1186,17022,4,0),(1187,17027,4,0),(1188,17032,4,0),(1189,4495,4,0),(1190,17033,4,0),(1191,17036,4,0),(1192,17038,4,0),(1193,17049,4,0),(1194,17053,4,0),(1195,4529,4,0),(1196,17056,4,0),(1197,4539,4,0),(1198,17058,4,0),(1199,17060,4,0),(1200,17066,4,0),(1201,17071,4,0),(1202,17073,4,0),(1203,17075,4,0),(1204,17081,4,0),(1205,17084,4,0),(1206,17086,4,0),(1207,17091,4,0),(1208,17094,4,0),(1209,17098,4,0),(1210,17099,4,0),(1211,17101,4,0),(1212,17102,4,0),(1213,17107,4,0),(1214,17109,4,0),(1215,17110,4,0),(1216,4610,4,0),(1217,17112,4,0),(1218,4627,4,0),(1219,17115,4,0),(1220,17116,4,0),(1221,17119,4,0),(1222,17124,4,0),(1223,17125,4,0),(1224,17127,4,0),(1225,17130,4,0),(1226,17132,4,0),(1227,17135,4,0),(1228,17146,4,0),(1229,17147,4,0),(1230,17149,4,0),(1231,17151,4,0),(1232,17152,4,0),(1233,17156,4,0),(1234,17157,4,0),(1235,17159,4,0),(1236,17160,4,0),(1237,17161,4,0),(1238,17164,4,0),(1239,17166,4,0),(1240,17170,4,1),(1241,17172,4,0),(1242,17173,4,0),(1243,17176,4,0),(1244,17177,4,0),(1245,17178,4,0),(1246,17180,4,0),(1247,17182,4,0),(1248,17186,4,0),(1249,17188,4,0),(1250,17192,4,0),(1251,17197,4,0),(1252,4740,4,0),(1253,17200,4,0),(1254,17206,4,0),(1255,4746,4,0),(1256,17207,4,0),(1257,17213,4,0),(1258,17215,4,0),(1259,17216,4,0),(1260,17218,4,0),(1261,4773,4,0),(1262,17224,4,0),(1263,17225,4,0),(1264,17227,4,0),(1265,17229,4,0),(1266,17233,4,0),(1267,17234,4,0),(1268,17235,4,0),(1269,17237,4,0),(1270,17238,4,0),(1271,4783,4,0),(1272,4786,4,0),(1273,17246,4,0),(1274,17248,4,0),(1275,17249,4,0),(1276,17251,4,0),(1277,17252,4,0),(1278,17258,4,0),(1279,17261,4,0),(1280,17270,4,0),(1281,17273,4,0),(1282,17275,4,0),(1283,4807,4,0),(1284,17282,4,0),(1285,17284,4,0),(1286,17288,4,0),(1287,17291,4,0),(1288,4822,4,0),(1289,17295,4,0),(1290,17298,4,0),(1291,17301,4,0),(1292,17302,4,0),(1293,17306,4,0),(1294,17311,4,0),(1295,4836,4,0),(1296,17313,4,0),(1297,17314,4,0),(1298,17318,4,0),(1299,17324,4,0),(1300,17325,4,0),(1301,17327,4,0),(1302,4858,4,0),(1303,17331,4,0),(1304,17336,4,0),(1305,17339,4,0),(1306,4866,4,0),(1307,17341,4,0),(1308,17342,4,0),(1309,4874,4,0),(1310,17348,4,0),(1311,17349,4,0),(1312,17354,4,0),(1313,17358,4,0),(1314,17363,4,0),(1315,17364,4,0),(1316,17367,4,0),(1317,17369,4,0),(1318,4903,4,0),(1319,17370,4,0),(1320,17375,4,0),(1321,17376,4,0),(1322,17378,4,0),(1323,4907,4,0),(1324,17381,4,0),(1325,4942,4,0),(1326,17385,4,0),(1327,17388,4,0),(1328,17391,4,0),(1329,17395,4,0),(1330,4956,4,0),(1331,17402,4,0),(1332,17404,4,0),(1333,17405,4,0),(1334,17406,4,0),(1335,17407,4,0),(1336,17412,4,0),(1337,4963,4,0),(1338,17414,4,0),(1339,17418,4,0),(1340,4967,4,0),(1341,17422,4,0),(1342,17435,4,0),(1343,17437,4,0),(1344,4971,4,0),(1345,17441,4,0),(1346,17442,4,0),(1347,17455,4,0),(1348,17456,4,0),(1349,4980,4,0),(1350,17460,4,0),(1351,17464,4,0),(1352,17465,4,0),(1353,17467,4,0),(1354,17468,4,0),(1355,17472,4,0),(1356,17476,4,0),(1357,17483,4,0),(1358,17490,4,0),(1359,17501,4,0),(1360,17509,4,0),(1361,5004,4,0),(1362,5008,4,0),(1363,5010,4,0),(1364,17511,4,0),(1365,17512,4,0),(1366,17514,4,0),(1367,17518,4,0),(1368,5039,4,0),(1369,17520,4,0),(1370,17526,4,0),(1371,17527,4,0),(1372,5052,4,0),(1373,5059,4,0),(1374,17528,4,0),(1375,17530,4,0),(1376,5066,4,0),(1377,17532,4,0),(1378,5069,4,0),(1379,17540,4,0),(1380,17552,4,0),(1381,5097,4,0),(1382,5101,4,0),(1383,17564,4,0),(1384,17567,4,0),(1385,17571,4,0),(1386,17572,4,0),(1387,5106,4,0),(1388,17574,4,0),(1389,5110,4,0),(1390,17575,4,0),(1391,17579,4,0),(1392,5118,4,0),(1393,17583,4,0),(1394,17586,4,0),(1395,5122,4,0),(1396,5124,4,0),(1397,5136,4,0),(1398,17587,4,0),(1399,5168,4,0),(1400,5171,4,0),(1401,17591,4,0),(1402,17593,4,0),(1403,17594,4,0),(1404,5177,4,0),(1405,17597,4,0),(1406,5180,4,0),(1407,17606,4,0),(1408,17607,4,0),(1409,5196,4,0),(1410,17615,4,0),(1411,17617,4,0),(1412,17621,4,0),(1413,17622,4,0),(1414,17623,4,0),(1415,17627,4,0),(1416,17631,4,0),(1417,17643,4,0),(1418,17653,4,0),(1419,17656,4,0),(1420,17660,4,0),(1421,17662,4,0),(1422,5241,4,0),(1423,5276,4,0),(1424,17664,4,0),(1425,17667,4,0),(1426,17671,4,0),(1427,17672,4,0),(1428,5284,4,0),(1429,17674,4,0),(1430,17681,4,0),(1431,5296,4,0),(1432,5297,4,0),(1433,17684,4,0),(1434,17687,4,0),(1435,17688,4,0),(1436,5302,4,0),(1437,17689,4,0),(1438,17693,4,0),(1439,5306,4,0),(1440,17694,4,0),(1441,17698,4,0),(1442,5330,4,0),(1443,17700,4,0),(1444,17702,4,0),(1445,5356,4,0),(1446,17705,4,0),(1447,17707,4,0),(1448,5363,4,0),(1449,17709,4,0),(1450,17710,4,0),(1451,5369,4,0),(1452,17711,4,0),(1453,17712,4,0),(1454,17713,4,0),(1455,17717,4,0),(1456,17718,4,0),(1457,5373,4,0),(1458,17719,4,0),(1459,17721,4,0),(1460,17722,4,0),(1461,17724,4,0),(1462,17727,4,0),(1463,5378,4,0),(1464,17732,4,0),(1465,17734,4,0),(1466,5379,4,0),(1467,17737,4,0),(1468,17749,4,0),(1469,5380,4,0),(1470,17753,4,0),(1471,17755,4,0),(1472,17759,4,0),(1473,5384,4,0),(1474,17766,4,0),(1475,17767,4,0),(1476,17768,4,0),(1477,17778,4,0),(1478,17784,4,0),(1479,5396,4,0),(1480,17786,4,0),(1481,17796,4,0),(1482,5397,4,0),(1483,17799,4,0),(1484,17809,4,0),(1485,17813,4,0),(1486,17815,4,0),(1487,17818,4,0),(1488,17821,4,1),(1489,5420,4,0),(1490,5422,4,0),(1491,17822,4,0),(1492,5426,4,0),(1493,17823,4,0),(1494,5433,4,0),(1495,5443,4,0),(1496,17826,4,0),(1497,17828,4,0),(1498,5451,4,0),(1499,5452,4,0),(1500,17830,4,0),(1501,5459,4,0),(1502,5481,4,0),(1503,17833,4,0),(1504,17838,4,0),(1505,5521,4,0),(1506,5528,4,0),(1507,17839,4,0),(1508,17845,4,0),(1509,5537,4,0),(1510,17847,4,0),(1511,17848,4,0),(1512,5540,4,0),(1513,17854,4,0),(1514,5547,4,0),(1515,17855,4,0),(1516,17860,4,0),(1517,17864,4,0),(1518,5559,4,0),(1519,17866,4,0),(1520,17867,4,0),(1521,5564,4,0),(1522,17872,4,0),(1523,17875,4,0),(1524,17880,4,0),(1525,17881,4,0),(1526,17882,4,0),(1527,5573,4,0),(1528,5615,4,0),(1529,5617,4,0),(1530,17884,4,0),(1531,17888,4,0),(1532,17890,4,0),(1533,5626,4,0),(1534,17891,4,0),(1535,17894,4,0),(1536,17895,4,0),(1537,17901,4,0),(1538,17909,4,0),(1539,17912,4,0),(1540,17925,4,0),(1541,5652,4,0),(1542,17926,4,0),(1543,17929,4,0),(1544,17930,4,0),(1545,17931,4,0),(1546,17935,4,0),(1547,17936,4,0),(1548,793,4,0),(1549,5697,4,0),(1550,5698,4,0),(1551,17938,4,0),(1552,17943,4,0),(1553,5710,4,0),(1554,5711,4,0),(1555,17945,4,0),(1556,17947,4,0),(1557,17949,4,0),(1558,5715,4,0),(1559,17951,4,0),(1560,17952,4,0),(1561,17965,4,0),(1562,17966,4,0),(1563,17967,4,0),(1564,5720,4,0),(1565,17969,4,0),(1566,17971,4,0),(1567,17972,4,0),(1568,17974,4,0),(1569,5754,4,0),(1570,17975,4,0),(1571,17978,4,0),(1572,17981,4,0),(1573,17984,4,0),(1574,17987,4,0),(1575,17994,4,0),(1576,17997,4,0),(1577,5775,4,0),(1578,18002,4,0),(1579,18003,4,0),(1580,5783,4,0),(1581,18006,4,0),(1582,18013,4,0),(1583,18016,4,0),(1584,18018,4,0),(1585,18019,4,0),(1586,18020,4,0),(1587,5839,4,0),(1588,5841,4,0),(1589,18025,4,0),(1590,18030,4,0),(1591,5851,4,0),(1592,18031,4,0),(1593,18032,4,0),(1594,18034,4,0),(1595,18035,4,0),(1596,18038,4,0),(1597,18051,4,0),(1598,18052,4,0),(1599,18053,4,0),(1600,18054,4,0),(1601,5880,4,0),(1602,18057,4,0),(1603,18060,4,0),(1604,18062,4,0),(1605,18064,4,0),(1606,18065,4,0),(1607,5883,4,0),(1608,5892,4,0),(1609,18066,4,0),(1610,5893,4,0),(1611,18068,4,0),(1612,18072,4,0),(1613,18074,4,0),(1614,18076,4,0),(1615,18080,4,0),(1616,18082,4,0),(1617,18084,4,0),(1618,18098,4,0),(1619,18100,4,0),(1620,18126,4,0),(1621,18128,4,0),(1622,18131,4,0),(1623,18136,4,0),(1624,5916,4,0),(1625,18140,4,0),(1626,18150,4,0),(1627,5922,4,0),(1628,18151,4,0),(1629,18153,4,0),(1630,18154,4,0),(1631,18155,4,0),(1632,5950,4,0),(1633,18157,4,0),(1634,18160,4,0),(1635,5989,4,0),(1636,18164,4,0),(1637,18169,4,0),(1638,18170,4,0),(1639,18173,4,0),(1640,18176,4,0),(1641,18184,4,0),(1642,18188,4,0),(1643,18190,4,0),(1644,18197,4,0),(1645,6002,4,0),(1646,6005,4,0),(1647,18199,4,0),(1648,6021,4,0),(1649,18200,4,0),(1650,18202,4,0),(1651,18205,4,0),(1652,18206,4,0),(1653,18211,4,0),(1654,18212,4,0),(1655,18215,4,0),(1656,18216,4,0),(1657,18228,4,0),(1658,18229,4,0),(1659,6043,4,0),(1660,6057,4,0),(1661,18232,4,0),(1662,18235,4,0),(1663,18240,4,0),(1664,6078,4,0),(1665,18244,4,0),(1666,18260,4,0),(1667,18261,4,0),(1668,18272,4,0),(1669,18277,4,0),(1670,18282,4,0),(1671,6094,4,0),(1672,18286,4,0),(1673,18289,4,0),(1674,18292,4,0),(1675,18298,4,0),(1676,18303,4,0),(1677,18305,4,0),(1678,18306,4,0),(1679,6116,4,0),(1680,18312,4,0),(1681,18315,4,0),(1682,6125,4,0),(1683,18321,4,0),(1684,18323,4,0),(1685,18332,4,0),(1686,6140,4,0),(1687,18335,4,0),(1688,6157,4,0),(1689,18340,4,0),(1690,18341,4,0),(1691,18344,4,0),(1692,6172,4,0),(1693,18346,4,0),(1694,18347,4,0),(1695,18352,4,0),(1696,18353,4,0),(1697,6177,4,0),(1698,18355,4,0),(1699,6180,4,0),(1700,18361,4,0),(1701,18362,4,0),(1702,18363,4,0),(1703,18369,4,0),(1704,18373,4,0),(1705,18375,4,0),(1706,18378,4,0),(1707,18379,4,0),(1708,18382,4,0),(1709,6281,4,0),(1710,18395,4,0),(1711,92,4,0),(1712,18399,4,0),(1713,18401,4,0),(1714,6309,4,0),(1715,6311,4,0),(1716,18402,4,0),(1717,6319,4,0),(1718,6322,4,0),(1719,6323,4,0),(1720,18404,4,0),(1721,6328,4,0),(1722,6330,4,0),(1723,6333,4,0),(1724,18407,4,0),(1725,18412,4,0),(1726,6344,4,0),(1727,18430,4,0),(1728,6352,4,0),(1729,18431,4,0),(1730,18434,4,0),(1731,6362,4,0),(1732,18435,4,0),(1733,18437,4,0),(1734,6364,4,0),(1735,18439,4,0),(1736,18441,4,0),(1737,18444,4,0),(1738,18446,4,0),(1739,18455,4,0),(1740,18458,4,0),(1741,18461,4,0),(1742,18464,4,0),(1743,6393,4,0),(1744,18468,4,0),(1745,18469,4,0),(1746,18471,4,0),(1747,18474,4,0),(1748,18475,4,0),(1749,18478,4,0),(1750,6407,4,0),(1751,18481,4,0),(1752,18482,4,0),(1753,6410,4,0),(1754,18485,4,0),(1755,18488,4,0),(1756,6418,4,0),(1757,6484,4,0),(1758,18491,4,0),(1759,6491,4,0),(1760,18493,4,0),(1761,18494,4,0),(1762,18497,4,0),(1763,18502,4,0),(1764,18503,4,0),(1765,18504,4,0),(1766,6503,4,0),(1767,18506,4,0),(1768,6522,4,0),(1769,18509,4,0),(1770,18514,4,0),(1771,6530,4,0),(1772,18515,4,0),(1773,18523,4,0),(1774,18526,4,0),(1775,18527,4,0),(1776,18528,4,0),(1777,18530,4,0),(1778,6546,4,0),(1779,18533,4,0),(1780,18535,4,0),(1781,6587,4,0),(1782,18538,4,0),(1783,6595,4,0),(1784,6597,4,0),(1785,18540,4,0),(1786,18541,4,0),(1787,18545,4,0),(1788,18547,4,0),(1789,18548,4,0),(1790,6612,4,0),(1791,18550,4,0),(1792,18552,4,0),(1793,18557,4,0),(1794,18562,4,0),(1795,6618,4,0),(1796,18564,4,0),(1797,18566,4,0),(1798,18573,4,0),(1799,18575,4,0),(1800,18578,4,0),(1801,18579,4,0),(1802,18584,4,0),(1803,18585,4,0),(1804,18589,4,0),(1805,18593,4,0),(1806,18605,4,0),(1807,6645,4,0),(1808,18606,4,0),(1809,6646,4,0),(1810,18610,4,0),(1811,18612,4,0),(1812,18615,4,0),(1813,18623,4,0),(1814,18625,4,0),(1815,6662,4,0),(1816,18626,4,0),(1817,18630,4,0),(1818,18635,4,0),(1819,6669,4,0),(1820,18648,4,0),(1821,18658,4,0),(1822,18660,4,0),(1823,6675,4,0),(1824,18664,4,0),(1825,18668,4,0),(1826,18669,4,0),(1827,18670,4,0),(1828,6688,4,0),(1829,18673,4,0),(1830,18675,4,0),(1831,18678,4,0),(1832,18680,4,0),(1833,6703,4,0),(1834,18685,4,0),(1835,18687,4,0),(1836,18691,4,0),(1837,18696,4,0),(1838,18701,4,0),(1839,6710,4,0),(1840,18702,4,0),(1841,6713,4,0),(1842,18705,4,0),(1843,18707,4,0),(1844,18713,4,0),(1845,18715,4,0),(1846,6736,4,0),(1847,6773,4,0),(1848,18717,4,0),(1849,18722,4,0),(1850,18724,4,0),(1851,18728,4,0),(1852,18730,4,0),(1853,6794,4,0),(1854,18735,4,0),(1855,6795,4,0),(1856,18736,4,0),(1857,18738,4,0),(1858,18739,4,0),(1859,18746,4,0),(1860,18748,4,0),(1861,18750,4,0),(1862,18752,4,0),(1863,18753,4,0),(1864,18755,4,0),(1865,18759,4,0),(1866,6818,4,0),(1867,18760,4,0),(1868,18761,4,0),(1869,18762,4,0),(1870,18767,4,0),(1871,6838,4,0),(1872,18775,4,0),(1873,18778,4,0),(1874,18780,4,0),(1875,18782,4,0),(1876,18783,4,0),(1877,18786,4,0),(1878,18788,4,0),(1879,18789,4,0),(1880,18792,4,0),(1881,4373,4,0),(1882,18794,4,0),(1883,18796,4,0),(1884,18798,4,0),(1885,18800,4,0),(1886,18802,4,0),(1887,18806,4,0),(1888,18808,4,0),(1889,18812,4,0),(1890,18818,4,0),(1891,18819,4,0),(1892,18821,4,0),(1893,18824,4,0),(1894,18827,4,0),(1895,18829,4,0),(1896,18831,4,0),(1897,18833,4,0),(1898,18836,4,0.5),(1899,6962,4,0),(1900,18845,4,0),(1901,6969,4,0),(1902,6971,4,0),(1903,18846,4,0),(1904,18848,4,0),(1905,18850,4,0),(1906,18853,4,0),(1907,18856,4,0),(1908,7026,4,0),(1909,18858,4,0),(1910,7030,4,0),(1911,18860,4,0),(1912,18865,4,0),(1913,18868,4,0),(1914,4686,4,0),(1915,7038,4,0),(1916,7039,4,0),(1917,18869,4,0),(1918,18874,4,0),(1919,18875,4,0),(1920,18876,4,0),(1921,18877,4,0),(1922,18880,4,0),(1923,18881,4,0),(1924,18882,4,0),(1925,18885,4,0),(1926,18888,4,0),(1927,18892,4,0),(1928,18895,4,0),(1929,18896,4,0),(1930,18898,4,0),(1931,18900,4,0),(1932,18901,4,0),(1933,18903,4,0),(1934,18904,4,0),(1935,18906,4,0),(1936,18915,4,0),(1937,18916,4,0),(1938,18921,4,0),(1939,18923,4,0),(1940,18932,4,0),(1941,18940,4,0),(1942,7122,4,0),(1943,18942,4,0),(1944,7125,4,0),(1945,18944,4,0),(1946,18946,4,0),(1947,18948,4,0),(1948,7143,4,0),(1949,18950,4,0),(1950,18955,4,0),(1951,18956,4,0),(1952,18957,4,0),(1953,7154,4,0),(1954,18960,4,0),(1955,18962,4,0),(1956,18963,4,0),(1957,18965,4,0),(1958,18974,4,0),(1959,18976,4,0),(1960,18977,4,0),(1961,7178,4,0),(1962,1,4,0),(1963,18979,4,0),(1964,18981,4,0),(1965,18985,4,0),(1966,18989,4,0),(1967,18991,4,0),(1968,19001,4,0),(1969,19008,4,0),(1970,19009,4,0),(1971,19016,4,0),(1972,19017,4,0),(1973,19022,4,0),(1974,19025,4,0),(1975,19026,4,0),(1976,19031,4,0),(1977,19033,4,0),(1978,19038,4,0),(1979,19039,4,0),(1980,7223,4,0),(1981,19042,4,0),(1982,19044,4,0),(1983,19047,4,0),(1984,7244,4,0),(1985,19048,4,0),(1986,19049,4,0),(1987,19054,4,0),(1988,19057,4,0),(1989,7250,4,0),(1990,19059,4,0),(1991,19061,4,0),(1992,19064,4,0),(1993,19068,4,0),(1994,19072,4,0),(1995,19073,4,0),(1996,19075,4,0),(1997,7270,4,0),(1998,19086,4,0),(1999,19087,4,0),(2000,7279,4,0),(2001,7280,4,0),(2002,7285,4,0),(2003,19089,4,0),(2004,19092,4,0),(2005,19093,4,0),(2006,7303,4,0),(2007,19095,4,0),(2008,19101,4,0),(2009,19102,4,0),(2010,19105,4,0),(2011,19120,4,0),(2012,7308,4,0),(2013,19123,4,0),(2014,19128,4,0),(2015,19131,4,0),(2016,7312,4,0),(2017,19135,4,0),(2018,7313,4,0),(2019,19136,4,0),(2020,19147,4,0),(2021,19148,4,0),(2022,19157,4,0),(2023,19164,4,0),(2024,19165,4,0),(2025,19166,4,0),(2026,19169,4,0),(2027,19171,4,0),(2028,19182,4,0),(2029,19188,4,0),(2030,19189,4,0),(2031,7320,4,0),(2032,19190,4,0),(2033,7325,4,0),(2034,19193,4,0),(2035,19195,4,0),(2036,19196,4,0),(2037,7327,4,0),(2038,19197,4,0),(2039,19200,4,0),(2040,19202,4,0),(2041,7331,4,0),(2042,19204,4,0),(2043,19206,4,1),(2044,19207,4,0),(2045,7348,4,0),(2046,19211,4,0),(2047,19213,4,0),(2048,19217,4,0),(2049,7375,4,0),(2050,19221,4,0),(2051,19223,4,0),(2052,19226,4,0),(2053,7381,4,0),(2054,7384,4,0),(2055,19228,4,0),(2056,19234,4,0),(2057,19243,4,0),(2058,19248,4,0),(2059,19249,4,0),(2060,7396,4,0),(2061,19251,4,0),(2062,7409,4,0),(2063,19253,4,0),(2064,19262,4,0),(2065,7419,4,0),(2066,19265,4,0),(2067,19268,4,0),(2068,19269,4,0),(2069,7427,4,0),(2070,19275,4,0),(2071,7428,4,0),(2072,19276,4,0),(2073,19278,4,0),(2074,19281,4,0),(2075,19282,4,0),(2076,19283,4,0),(2077,19284,4,0),(2078,7441,4,0),(2079,19285,4,0),(2080,7443,4,0),(2081,19287,4,0),(2082,19289,4,0),(2083,7453,4,0),(2084,7477,4,0),(2085,7479,4,0),(2086,19292,4,0),(2087,19295,4,0),(2088,19302,4,0),(2089,7490,4,0),(2090,7491,4,0),(2091,19304,4,0),(2092,19305,4,0),(2093,19308,4,0),(2094,7494,4,0),(2095,7497,4,0),(2096,19311,4,0),(2097,19313,4,0),(2098,7504,4,0),(2099,19315,4,0),(2100,7506,4,0),(2101,7507,4,0),(2102,19319,4,0),(2103,19321,4,0),(2104,7512,4,0),(2105,19323,4,0),(2106,7516,4,0),(2107,19325,4,0),(2108,19327,4,0),(2109,19328,4,0),(2110,19333,4,0),(2111,19342,4,0),(2112,19344,4,0),(2113,19345,4,0),(2114,19349,4,0),(2115,7526,4,0),(2116,19350,4,0),(2117,19355,4,0),(2118,19356,4,0),(2119,19370,4,0),(2120,19374,4,0),(2121,19377,4,0),(2122,7558,4,0),(2123,19379,4,0),(2124,19382,4,0),(2125,1422,4,0),(2126,19384,4,0),(2127,7564,4,0),(2128,19388,4,0),(2129,7574,4,0),(2130,7580,4,0),(2131,19390,4,0),(2132,19394,4,0),(2133,19398,4,0),(2134,19400,4,0),(2135,7620,4,0),(2136,19405,4,0),(2137,19406,4,0),(2138,19407,4,0),(2139,19408,4,0),(2140,7630,4,0),(2141,19411,4,0),(2142,19413,4,0),(2143,19414,4,0),(2144,7653,4,0),(2145,19415,4,0),(2146,19417,4,0),(2147,19426,4,0),(2148,19428,4,0),(2149,2114,4,0),(2150,19430,4,0),(2151,7680,4,0),(2152,19431,4,0),(2153,7683,4,0),(2154,19433,4,0),(2155,19439,4,0),(2156,19441,4,0),(2157,7685,4,0),(2158,19443,4,0),(2159,7689,4,0),(2160,19448,4,0),(2161,19449,4,0),(2162,19459,4,0),(2163,7700,4,0),(2164,19463,4,0),(2165,19465,4,0),(2166,19468,4,0),(2167,19473,4,0),(2168,19478,4,0),(2169,7722,4,0),(2170,19479,4,0),(2171,19480,4,0),(2172,7729,4,0),(2173,7749,4,0),(2174,19484,4,0),(2175,19488,4,0),(2176,19494,4,0),(2177,7754,4,0),(2178,7756,4,0),(2179,19499,4,0),(2180,7763,4,0),(2181,19501,4,0),(2182,19504,4,0),(2183,7765,4,0),(2184,19507,4,0),(2185,7770,4,0),(2186,19510,4,0),(2187,19511,4,0),(2188,19513,4,0),(2189,7773,4,0),(2190,7775,4,0),(2191,19518,4,0),(2192,7781,4,0),(2193,19519,4,0),(2194,19521,4,0),(2195,19522,4,0),(2196,7792,4,0),(2197,19523,4,0),(2198,19525,4,0),(2199,19527,4,0),(2200,7796,4,0),(2201,19533,4,0),(2202,19535,4,0),(2203,19537,4,0),(2204,19540,4,0),(2205,7814,4,0),(2206,19542,4,0),(2207,19546,4,0),(2208,7821,4,0),(2209,19549,4,0),(2210,19551,4,0),(2211,19552,4,0),(2212,19554,4,0),(2213,7837,4,0),(2214,19556,4,0),(2215,19558,4,0),(2216,19561,4,0),(2217,19576,4,0),(2218,19577,4,0),(2219,19578,4,0),(2220,19579,4,0),(2221,7846,4,0),(2222,19581,4,0),(2223,19582,4,0),(2224,19588,4,0),(2225,7862,4,0),(2226,19591,4,0),(2227,19593,4,0),(2228,7878,4,0),(2229,7882,4,0),(2230,7894,4,0),(2231,19594,4,0),(2232,19611,4,0),(2233,19614,4,0),(2234,19615,4,0),(2235,19625,4,0),(2236,8337,4,0),(2237,7933,4,0),(2238,19628,4,0),(2239,19629,4,0),(2240,19630,4,0),(2241,19633,4,0),(2242,19635,4,0),(2243,19641,4,0),(2244,19643,4,0),(2245,19645,4,0),(2246,19649,4,0),(2247,19650,4,0),(2248,19654,4,0),(2249,19655,4,0),(2250,8046,4,0),(2251,19661,4,0),(2252,8053,4,0),(2253,8054,4,0),(2254,19662,4,0),(2255,19665,4,0),(2256,19670,4,0),(2257,19672,4,0),(2258,19675,4,0),(2259,19676,4,0),(2260,19682,4,0),(2261,19685,4,0),(2262,19689,4,0),(2263,19690,4,0),(2264,8076,4,0),(2265,19693,4,0),(2266,19699,4,0.5),(2267,19708,4,0),(2268,8102,4,0),(2269,19710,4,0),(2270,19711,4,0),(2271,19727,4,0),(2272,19733,4,0),(2273,8107,4,0),(2274,19735,4,0),(2275,19738,4,0),(2276,19743,4,0),(2277,19756,4,0),(2278,19757,4,0),(2279,8121,4,0),(2280,19759,4,0),(2281,19760,4,0),(2282,19763,4,0),(2283,8132,4,0),(2284,19767,4,0),(2285,8136,4,0),(2286,19770,4,0),(2287,19771,4,0),(2288,19778,4,0),(2289,19780,4,0),(2290,19782,4,0),(2291,19786,4,0),(2292,8167,4,0),(2293,19787,4,0),(2294,19790,4,0),(2295,8169,4,0),(2296,19795,4,0),(2297,19796,4,0),(2298,19798,4,0),(2299,8177,4,0),(2300,19803,4,0),(2301,19804,4,0),(2302,19806,4,0),(2303,19811,4,0),(2304,19812,4,0),(2305,8235,4,0),(2306,19813,4,0),(2307,19814,4,0),(2308,19815,4,0),(2309,19816,4,0),(2310,19818,4,0),(2311,19822,4,0),(2312,19823,4,0),(2313,19825,4,0),(2314,19827,4,0),(2315,19829,4,0),(2316,8244,4,0),(2317,8245,4,0),(2318,19832,4,0),(2319,19833,4,0),(2320,19835,4,0),(2321,8254,4,0),(2322,19838,4,0),(2323,19841,4,0),(2324,19844,4,0),(2325,19851,4,0),(2326,8263,4,0),(2327,19853,4,0),(2328,19857,4,0),(2329,19869,4,0),(2330,19876,4,0),(2331,19879,4,0),(2332,19881,4,0),(2333,8278,4,0),(2334,19883,4,0),(2335,19888,4,0),(2336,8293,4,0),(2337,19891,4,0),(2338,19892,4,0),(2339,19894,4,0),(2340,19895,4,0),(2341,19897,4,0),(2342,19900,4,0),(2343,8334,4,0),(2344,19901,4,0),(2345,19902,4,0),(2346,19906,4,0),(2347,19907,4,0),(2348,19908,4,0),(2349,8345,4,1),(2350,19909,4,0),(2351,19910,4,0),(2352,19911,4,0),(2353,19915,4,0),(2354,19916,4,0),(2355,19919,4,0),(2356,8390,4,0),(2357,8392,4,0),(2358,19922,4,0),(2359,19929,4,0),(2360,19930,4,0),(2361,19931,4,0),(2362,19934,4,0),(2363,8416,4,0),(2364,8424,4,0),(2365,8425,4,0),(2366,19936,4,0),(2367,19937,4,0),(2368,19938,4,0),(2369,19939,4,0),(2370,19941,4,0),(2371,19943,4,0),(2372,8444,4,0),(2373,19948,4,0),(2374,19949,4,0),(2375,19950,4,0),(2376,19952,4,0),(2377,19958,4,0),(2378,19967,4,0),(2379,19973,4,0),(2380,19974,4,0),(2381,19983,4,0),(2382,19984,4,0),(2383,8462,4,0),(2384,8464,4,0),(2385,8466,4,0),(2386,19987,4,0),(2387,19992,4,0),(2388,19993,4,1),(2389,20000,4,0),(2390,20001,4,0),(2391,8489,4,0),(2392,8493,4,0),(2393,20003,4,0),(2394,8446,4,0),(2395,20008,4,0),(2396,20009,4,0),(2397,20010,4,0),(2398,20012,4,0),(2399,20014,4,0),(2400,8505,4,0),(2401,20015,4,0),(2402,8506,4,0),(2403,20017,4,0),(2404,20019,4,0),(2405,20020,4,0),(2406,20022,4,0),(2407,20026,4,0),(2408,20036,4,0),(2409,20037,4,0),(2410,8546,4,0),(2411,20043,4,0),(2412,20047,4,0),(2413,8552,4,0),(2414,20050,4,0),(2415,20051,4,0),(2416,20061,4,0),(2417,8563,4,0),(2418,20063,4,0),(2419,20065,4,0),(2420,8564,4,0),(2421,20066,4,0),(2422,8565,4,0),(2423,20070,4,0),(2424,20084,4,0),(2425,20086,4,0),(2426,20089,4,0),(2427,8569,4,0),(2428,20094,4,0),(2429,20099,4,0),(2430,20101,4,0),(2431,20103,4,0),(2432,20104,4,0),(2433,20105,4,0),(2434,20108,4,0),(2435,20110,4,0),(2436,20112,4,0),(2437,20115,4,0),(2438,8592,4,0),(2439,20119,4,0),(2440,8602,4,0),(2441,8604,4,0),(2442,20122,4,0),(2443,20123,4,0),(2444,20125,4,0),(2445,8632,4,0),(2446,8633,4,0),(2447,20126,4,0),(2448,20128,4,0),(2449,20131,4,0),(2450,8635,4,0),(2451,20133,4,0),(2452,20135,4,0),(2453,20144,4,0),(2454,8646,4,0),(2455,20147,4,0),(2456,8661,4,0),(2457,20150,4,0),(2458,20151,4,0),(2459,20152,4,0),(2460,20154,4,0),(2461,8668,4,0),(2462,20164,4,0),(2463,20167,4,0),(2464,8691,4,0),(2465,20172,4,0),(2466,20174,4,0),(2467,20176,4,0),(2468,20177,4,0),(2469,20180,4,0),(2470,8700,4,0),(2471,20181,4,0),(2472,20189,4,0),(2473,8704,4,0),(2474,1257,4,0),(2475,20191,4,0),(2476,8731,4,0),(2477,8732,4,0),(2478,20192,4,0),(2479,20202,4,0),(2480,8737,4,0),(2481,20204,4,0),(2482,20208,4,0),(2483,20214,4,0),(2484,8740,4,0),(2485,20216,4,0),(2486,20217,4,0),(2487,20229,4,0),(2488,20237,4,0),(2489,20252,4,0),(2490,20260,4,0),(2491,20263,4,0),(2492,20264,4,0),(2493,20266,4,0),(2494,20267,4,0),(2495,20268,4,0),(2496,20271,4,0),(2497,20273,4,0),(2498,20275,4,0),(2499,20276,4,0),(2500,20278,4,0),(2501,20281,4,0),(2502,20283,4,0),(2503,20285,4,0),(2504,20290,4,0),(2505,20291,4,0),(2506,20292,4,0),(2507,20299,4,0),(2508,8797,4,0),(2509,8823,4,0),(2510,20300,4,0),(2511,20302,4,0),(2512,8832,4,0),(2513,20304,4,0),(2514,8833,4,0),(2515,20312,4,0),(2516,20314,4,0),(2517,20316,4,0),(2518,20318,4,0),(2519,20320,4,0),(2520,20325,4,0),(2521,20326,4,0),(2522,20328,4,0),(2523,20338,4,0),(2524,8844,4,0),(2525,20339,4,0),(2526,8857,4,0),(2527,20340,4,0),(2528,20341,4,0),(2529,20342,4,0),(2530,20343,4,0),(2531,8892,4,0),(2532,1702,4,0),(2533,8911,4,0),(2534,8933,4,0),(2535,20344,4,0),(2536,20345,4,0),(2537,20347,4,0),(2538,20349,4,0),(2539,8943,4,0),(2540,20352,4,0),(2541,8980,4,0),(2542,20353,4,0),(2543,20356,4,0),(2544,20359,4,0),(2545,20361,4,0),(2546,8990,4,0),(2547,20363,4,0),(2548,9010,4,0),(2549,9018,4,0),(2550,20366,4,0),(2551,9023,4,0),(2552,20368,4,0),(2553,20373,4,0),(2554,20377,4,0),(2555,20378,4,0),(2556,20381,4,0),(2557,20383,4,0),(2558,9045,4,0),(2559,20385,4,0),(2560,20387,4,0),(2561,20389,4,0),(2562,20391,4,0),(2563,20394,4,0),(2564,9048,4,0),(2565,9051,4,0),(2566,20396,4,0),(2567,20397,4,0),(2568,20398,4,0),(2569,20403,4,0),(2570,20407,4,0),(2571,9067,4,0),(2572,20408,4,0),(2573,20409,4,0),(2574,20410,4,0),(2575,20411,4,0),(2576,20415,4,0),(2577,20416,4,0),(2578,20418,4,0),(2579,20419,4,0),(2580,9093,4,0),(2581,20429,4,0),(2582,20431,4,0),(2583,9100,4,0),(2584,20439,4,0),(2585,20441,4,0),(2586,20443,4,0),(2587,20447,4,0),(2588,9118,4,0),(2589,20458,4,0),(2590,9124,4,0),(2591,20463,4,0),(2592,20465,4,0),(2593,20467,4,0),(2594,20468,4,0),(2595,9130,4,0),(2596,20472,4,0),(2597,20474,4,0),(2598,20478,4,0),(2599,20484,4,0),(2600,20485,4,0),(2601,9154,4,0),(2602,20489,4,0),(2603,20491,4,0),(2604,20492,4,0),(2605,9194,4,0),(2606,20494,4,0),(2607,20495,4,0),(2608,20499,4,0),(2609,20501,4,0),(2610,9218,4,0),(2611,20504,4,0),(2612,20505,4,1),(2613,20507,4,0),(2614,9247,4,0),(2615,9249,4,0),(2616,20514,4,0),(2617,20518,4,0),(2618,20519,4,0),(2619,20520,4,0),(2620,9259,4,0),(2621,20527,4,0),(2622,20531,4,0),(2623,20532,4,0),(2624,20534,4,0),(2625,20539,4,0),(2626,20542,4,0),(2627,20546,4,0),(2628,20548,4,0),(2629,20552,4,0),(2630,9296,4,0),(2631,9298,4,0),(2632,20558,4,0),(2633,20567,4,0),(2634,20569,4,0),(2635,20575,4,0),(2636,20578,4,0),(2637,20579,4,0),(2638,20580,4,0),(2639,20587,4,0),(2640,20591,4,0),(2641,20595,4,0),(2642,20602,4,0),(2643,9344,4,0),(2644,20610,4,0),(2645,20612,4,0),(2646,20613,4,0),(2647,9353,4,0),(2648,9355,4,0),(2649,9360,4,0),(2650,20625,4,0),(2651,20627,4,0),(2652,20635,4,0),(2653,9363,4,0),(2654,20637,4,0),(2655,20638,4,0),(2656,20639,4,0),(2657,9376,4,0),(2658,20641,4,0),(2659,20642,4,0),(2660,9393,4,0),(2661,9439,4,0),(2662,20644,4,0),(2663,20650,4,0),(2664,20653,4,0),(2665,20655,4,0),(2666,20657,4,0),(2667,20662,4,0),(2668,20667,4,0),(2669,20669,4,0),(2670,20672,4,0),(2671,9469,4,0),(2672,20674,4,0),(2673,20676,4,0),(2674,9485,4,0),(2675,9492,4,0),(2676,20678,4,0),(2677,9503,4,0),(2678,9507,4,0),(2679,9511,4,0),(2680,20684,4,0),(2681,20685,4,0),(2682,20693,4,0),(2683,9521,4,0),(2684,9543,4,0),(2685,20703,4,0),(2686,9563,4,0),(2687,20712,4,0),(2688,20713,4,0),(2689,20717,4,0),(2690,20718,4,0),(2691,20721,4,0),(2692,20728,4,0),(2693,20732,4,0),(2694,20735,4,0),(2695,20737,4,0),(2696,20739,4,0),(2697,20743,4,0),(2698,20744,4,0),(2699,20751,4,0),(2700,9596,4,0),(2701,20762,4,0),(2702,20765,4,0),(2703,9604,4,0),(2704,20767,4,0),(2705,9621,4,0),(2706,20771,4,0),(2707,9623,4,0),(2708,20776,4,0),(2709,20778,4,0),(2710,9687,4,0),(2711,20779,4,0),(2712,20796,4,0),(2713,20798,4,0),(2714,9691,4,0),(2715,20799,4,0),(2716,9692,4,0),(2717,20801,4,0),(2718,20802,4,0),(2719,20803,4,0),(2720,20805,4,0),(2721,20808,4,0),(2722,20810,4,0),(2723,20812,4,0),(2724,20816,4,0),(2725,20819,4,0),(2726,20820,4,0),(2727,9737,4,0),(2728,20824,4,0),(2729,20828,4,0),(2730,9746,4,0),(2731,20833,4,0),(2732,20835,4,0),(2733,20843,4,0),(2734,20846,4,0),(2735,20854,4,0),(2736,9760,4,0),(2737,20857,4,0),(2738,20859,4,0),(2739,9768,4,0),(2740,20860,4,0),(2741,20862,4,0),(2742,20865,4,0),(2743,9775,4,0),(2744,20867,4,0),(2745,20869,4,0),(2746,20870,4,0),(2747,20871,4,0),(2748,20874,4,0),(2749,20882,4,0),(2750,20886,4,0),(2751,9793,4,0),(2752,20887,4,0),(2753,20890,4,0),(2754,20894,4,0),(2755,20900,4,0),(2756,9803,4,0),(2757,20901,4,0),(2758,20904,4,0),(2759,20905,4,0),(2760,20907,4,0),(2761,9813,4,0),(2762,20913,4,0),(2763,9817,4,0),(2764,20916,4,0),(2765,20918,4,0),(2766,20925,4,0),(2767,9820,4,0),(2768,20927,4,0),(2769,20942,4,0),(2770,20944,4,0),(2771,9845,4,0),(2772,20948,4,0),(2773,9855,4,0),(2774,20954,4,0),(2775,20955,4,0),(2776,20956,4,0),(2777,20958,4,0),(2778,20959,4,0),(2779,20963,4,0),(2780,20965,4,0),(2781,20972,4,0),(2782,9885,4,0),(2783,9905,4,0),(2784,20973,4,0),(2785,20974,4,0),(2786,20976,4,0),(2787,9919,4,0),(2788,20977,4,0),(2789,20979,4,0),(2790,20986,4,0),(2791,20988,4,0),(2792,20992,4,0),(2793,9931,4,0),(2794,20993,4,0),(2795,20994,4,0),(2796,20998,4,0),(2797,9935,4,0),(2798,20999,4,0),(2799,21000,4,0),(2800,21004,4,0),(2801,21005,4,0),(2802,9955,4,0),(2803,21007,4,0),(2804,21012,4,0),(2805,21017,4,0),(2806,21019,4,0),(2807,9962,4,0),(2808,21022,4,0),(2809,9964,4,0),(2810,21023,4,0),(2811,21024,4,0),(2812,21031,4,0),(2813,9972,4,0),(2814,21035,4,0),(2815,9974,4,0),(2816,21038,4,0),(2817,21040,4,0),(2818,21041,4,0),(2819,10002,4,0),(2820,21043,4,0),(2821,21045,4,0),(2822,21049,4,0),(2823,21052,4,0),(2824,21054,4,0),(2825,21057,4,0),(2826,21058,4,0),(2827,21060,4,0),(2828,21061,4,0),(2829,21062,4,0),(2830,21071,4,0),(2831,21072,4,0),(2832,21074,4,0),(2833,21077,4,0),(2834,21079,4,0),(2835,21081,4,0),(2836,21082,4,0),(2837,21084,4,0),(2838,21086,4,0),(2839,21087,4,0),(2840,21089,4,0),(2841,10059,4,0),(2842,21091,4,0),(2843,21095,4,0),(2844,21100,4,0),(2845,21103,4,0),(2846,21106,4,0),(2847,21108,4,0),(2848,21109,4,0),(2849,21112,4,0),(2850,21113,4,0),(2851,21116,4,0),(2852,10090,4,0),(2853,21119,4,0),(2854,10096,4,0),(2855,10100,4,0),(2856,21126,4,0),(2857,21138,4,0),(2858,10108,4,0),(2859,21139,4,0),(2860,21141,4,0),(2861,21145,4,0),(2862,21147,4,0),(2863,21151,4,0),(2864,21159,4,0),(2865,21168,4,0),(2866,10126,4,0),(2867,21174,4,0),(2868,10130,4,0),(2869,10135,4,0),(2870,1572,4,0),(2871,21176,4,0),(2872,10144,4,0),(2873,21183,4,0),(2874,21184,4,0),(2875,21187,4,0),(2876,21190,4,0),(2877,10154,4,0),(2878,21192,4,0),(2879,21194,4,0),(2880,21202,4,0),(2881,21204,4,0),(2882,21205,4,0),(2883,10169,4,0),(2884,21207,4,0),(2885,10171,4,0),(2886,21208,4,0),(2887,21211,4,0),(2888,10176,4,0),(2889,21212,4,0),(2890,21219,4,0),(2891,21234,4,0),(2892,10190,4,0),(2893,21240,4,0),(2894,21243,4,0),(2895,21246,4,0),(2896,21247,4,0),(2897,10207,4,0),(2898,21251,4,0),(2899,10209,4,0),(2900,21254,4,0),(2901,21258,4,0),(2902,21259,4,0),(2903,10220,4,0),(2904,21274,4,0),(2905,21276,4,0),(2906,21280,4,0),(2907,21282,4,0),(2908,21285,4,0),(2909,21287,4,0),(2910,21290,4,0),(2911,10227,4,0),(2912,21291,4,0),(2913,10239,4,0),(2914,10243,4,0),(2915,21292,4,0),(2916,21293,4,0),(2917,10263,4,0),(2918,10266,4,0),(2919,21294,4,0),(2920,1460,4,0),(2921,10269,4,0),(2922,10271,4,0),(2923,21295,4,0),(2924,21296,4,0),(2925,21297,4,0),(2926,10277,4,0),(2927,21298,4,0),(2928,10284,4,0),(2929,10290,4,0),(2930,21299,4,0),(2931,21301,4,0),(2932,21304,4,0),(2933,21306,4,0),(2934,21307,4,0),(2935,21308,4,0),(2936,21310,4,0),(2937,21313,4,0),(2938,21315,4,0),(2939,21317,4,0),(2940,21318,4,0),(2941,21319,4,0),(2942,21322,4,0),(2943,10310,4,0),(2944,21323,4,0),(2945,21326,4,0),(2946,21327,4,0),(2947,21330,4,0),(2948,21331,4,0),(2949,21335,4,0),(2950,21340,4,0),(2951,21343,4,0),(2952,21346,4,0),(2953,21350,4,0),(2954,10369,4,0),(2955,21351,4,0),(2956,21355,4,0),(2957,21359,4,0),(2958,21363,4,0),(2959,10377,4,0),(2960,21366,4,0),(2961,21368,4,0),(2962,21370,4,0),(2963,10384,4,0),(2964,21371,4,0),(2965,21373,4,0),(2966,21374,4,0),(2967,10406,4,0),(2968,21375,4,0),(2969,21376,4,0),(2970,21381,4,0),(2971,10419,4,0),(2972,21382,4,0),(2973,21383,4,0),(2974,21385,4,0),(2975,21386,4,0),(2976,21387,4,0),(2977,21388,4,0),(2978,10442,4,0),(2979,21389,4,0),(2980,21391,4,0),(2981,21393,4,0),(2982,21399,4,0),(2983,21402,4,0),(2984,21405,4,0),(2985,21406,4,0),(2986,21409,4,0),(2987,10469,4,0),(2988,21410,4,0),(2989,21411,4,0),(2990,21418,4,0),(2991,21419,4,0),(2992,21420,4,0),(2993,21423,4,0),(2994,21426,4,0),(2995,21427,4,0),(2996,21429,4,0),(2997,10502,4,0),(2998,21430,4,0),(2999,10507,4,0),(3000,21433,4,0),(3001,21434,4,0),(3002,21437,4,0),(3003,21440,4,0),(3004,21442,4,0),(3005,21443,4,0),(3006,21445,4,0),(3007,10514,4,0),(3008,21446,4,0),(3009,10520,4,0),(3010,21447,4,0),(3011,21448,4,0),(3012,21449,4,0),(3013,21451,4,0),(3014,21453,4,0),(3015,21455,4,0),(3016,21460,4,0),(3017,10545,4,0),(3018,21463,4,0),(3019,21464,4,0),(3020,21466,4,0),(3021,10555,4,0),(3022,10556,4,0),(3023,21469,4,0),(3024,21470,4,0),(3025,21471,4,0),(3026,10577,4,0),(3027,21473,4,0),(3028,21474,4,0),(3029,21475,4,0),(3030,21477,4,0),(3031,10596,4,0),(3032,21480,4,0),(3033,21485,4,0),(3034,6815,4,0),(3035,21486,4,0),(3036,21489,4,0),(3037,21490,4,0),(3038,10615,4,0),(3039,21491,4,0),(3040,21494,4,0),(3041,21495,4,0),(3042,10628,4,0),(3043,10629,4,0),(3044,21501,4,0),(3045,21504,4,0),(3046,21505,4,0),(3047,21507,4,0),(3048,10632,4,0),(3049,10635,4,0),(3050,21508,4,0),(3051,10660,4,0),(3052,21512,4,0),(3053,21513,4,0),(3054,21515,4,0),(3055,21517,4,0),(3056,10664,4,0),(3057,21523,4,0),(3058,21524,4,0),(3059,21528,4,0),(3060,10683,4,0),(3061,21532,4,0),(3062,21536,4,0),(3063,10713,4,0),(3064,21538,4,0),(3065,10714,4,0),(3066,21540,4,0),(3067,10715,4,0),(3068,21541,4,0),(3069,10719,4,0),(3070,21545,4,0),(3071,21554,4,0),(3072,10727,4,0),(3073,21556,4,0),(3074,10730,4,0),(3075,21559,4,0),(3076,21561,4,1),(3077,10739,4,0),(3078,10740,4,0),(3079,21566,4,0),(3080,21568,4,0),(3081,21571,4,0),(3082,21574,4,0),(3083,21579,4,0),(3084,21582,4,0),(3085,21584,4,0),(3086,21585,4,0),(3087,21586,4,0),(3088,21591,4,0),(3089,10764,4,0),(3090,10766,4,0),(3091,21596,4,0),(3092,10773,4,0),(3093,10778,4,0),(3094,21597,4,0),(3095,21598,4,0),(3096,21605,4,0),(3097,10804,4,0),(3098,21606,4,0),(3099,10805,4,0),(3100,21608,4,0),(3101,21612,4,0),(3102,21613,4,0),(3103,21615,4,0),(3104,21617,4,0),(3105,21620,4,0),(3106,21621,4,0),(3107,10807,4,0),(3108,21622,4,0),(3109,21624,4,0),(3110,21628,4,0),(3111,21638,4,0),(3112,10815,4,0),(3113,21642,4,0),(3114,21648,4,0),(3115,10826,4,0),(3116,10827,4,0),(3117,21649,4,0),(3118,21650,4,0),(3119,10833,4,0),(3120,21653,4,0),(3121,21655,4,0),(3122,21656,4,0),(3123,21657,4,0),(3124,21659,4,0),(3125,21660,4,0),(3126,21661,4,0),(3127,21664,4,0),(3128,21666,4,0),(3129,21671,4,0),(3130,21672,4,0),(3131,21677,4,0),(3132,21678,4,0),(3133,21684,4,0),(3134,21688,4,0),(3135,10853,4,0),(3136,21693,4,0),(3137,21697,4,0),(3138,10860,4,0),(3139,10862,4,0),(3140,10865,4,0),(3141,21698,4,0),(3142,21708,4,0),(3143,21709,4,0),(3144,21711,4,0),(3145,21715,4,0),(3146,21717,4,0),(3147,10879,4,0),(3148,21721,4,0),(3149,21724,4,0),(3150,21726,4,0),(3151,21735,4,0),(3152,10901,4,0),(3153,21738,4,0),(3154,21739,4,0),(3155,21742,4,0),(3156,21745,4,0),(3157,21749,4,0),(3158,21752,4,0),(3159,21754,4,0),(3160,21757,4,0),(3161,21759,4,0),(3162,21762,4,0),(3163,21764,4,0),(3164,21766,4,0),(3165,21767,4,0),(3166,21769,4,0),(3167,21771,4,0),(3168,21777,4,0),(3169,10951,4,0),(3170,10956,4,0),(3171,21780,4,0),(3172,10960,4,0),(3173,21783,4,0),(3174,10965,4,0),(3175,10970,4,0),(3176,10971,4,0),(3177,21792,4,0),(3178,21795,4,0),(3179,10980,4,0),(3180,21797,4,0),(3181,21800,4,0),(3182,21801,4,0),(3183,21802,4,0),(3184,21803,4,0),(3185,21806,4,0),(3186,10996,4,0),(3187,11005,4,0),(3188,21807,4,0),(3189,11019,4,0),(3190,21808,4,0),(3191,21810,4,0),(3192,21815,4,0),(3193,21819,4,0),(3194,21822,4,0),(3195,21823,4,0),(3196,21827,4,0),(3197,21828,4,0),(3198,21831,4,0),(3199,21832,4,0),(3200,21835,4,0),(3201,21837,4,0),(3202,11046,4,0),(3203,21841,4,0),(3204,11051,4,0),(3205,21842,4,0),(3206,11076,4,0),(3207,21846,4,0),(3208,21848,4,0),(3209,11078,4,0),(3210,21851,4,0),(3211,21862,4,0),(3212,11080,4,0),(3213,21863,4,0),(3214,11082,4,0),(3215,21866,4,0),(3216,21869,4,0),(3217,11089,4,0),(3218,21872,4,0),(3219,21877,4,0),(3220,21878,4,0),(3221,21880,4,0),(3222,21885,4,0),(3223,21886,4,0),(3224,21889,4,0),(3225,11106,4,0),(3226,21890,4,0),(3227,21892,4,0),(3228,21895,4,0),(3229,21897,4,0),(3230,21901,4,0),(3231,11108,4,0),(3232,21903,4,0),(3233,21904,4,0),(3234,21905,4,0),(3235,21907,4,0),(3236,21911,4,0),(3237,11118,4,0),(3238,21917,4,0),(3239,21920,4,0),(3240,21931,4,0),(3241,21935,4,0),(3242,21936,4,1),(3243,21938,4,0),(3244,21940,4,0),(3245,11137,4,0),(3246,21943,4,0),(3247,21953,4,0),(3248,21960,4,0),(3249,21969,4,0),(3250,21970,4,0),(3251,21971,4,0),(3252,21972,4,0),(3253,21974,4,0),(3254,11155,4,0),(3255,21983,4,0),(3256,21985,4,0),(3257,21990,4,0),(3258,22015,4,0),(3259,22021,4,0),(3260,11166,4,0),(3261,22024,4,0),(3262,22025,4,0),(3263,22039,4,0),(3264,11173,4,0),(3265,22040,4,0),(3266,22041,4,0),(3267,22044,4,0),(3268,22047,4,0),(3269,11175,4,0),(3270,22048,4,0),(3271,11182,4,0),(3272,22052,4,0),(3273,22059,4,0),(3274,22063,4,0),(3275,22067,4,0),(3276,22071,4,0),(3277,22075,4,0),(3278,22081,4,0),(3279,22082,4,0),(3280,22084,4,0),(3281,11207,4,0),(3282,22086,4,0),(3283,11210,4,0),(3284,22089,4,0),(3285,22091,4,0),(3286,22095,4,0),(3287,11224,4,0),(3288,22102,4,0),(3289,22110,4,0),(3290,22114,4,0),(3291,22115,4,0),(3292,22118,4,0),(3293,11227,4,0),(3294,11228,4,0),(3295,11231,4,0),(3296,22121,4,0),(3297,11251,4,0),(3298,22123,4,0),(3299,22124,4,0),(3300,22125,4,0),(3301,22128,4,0),(3302,22130,4,0),(3303,22133,4,0),(3304,11254,4,0),(3305,22135,4,0),(3306,22137,4,0),(3307,22139,4,0),(3308,22146,4,0),(3309,22147,4,0),(3310,22149,4,0),(3311,11264,4,0),(3312,11272,4,0),(3313,22151,4,0),(3314,22154,4,0),(3315,22155,4,0),(3316,22166,4,0),(3317,22169,4,0),(3318,11299,4,0),(3319,22170,4,0),(3320,22172,4,0),(3321,11311,4,0),(3322,22174,4,0),(3323,11312,4,0),(3324,22175,4,0),(3325,22180,4,0),(3326,22185,4,0),(3327,22186,4,0),(3328,22188,4,0),(3329,22189,4,0),(3330,22193,4,0),(3331,22194,4,0),(3332,11323,4,0),(3333,22196,4,0),(3334,22197,4,0),(3335,22198,4,0),(3336,11325,4,0),(3337,22199,4,0),(3338,11330,4,0),(3339,22201,4,0),(3340,22202,4,0),(3341,22205,4,0),(3342,22206,4,0),(3343,22209,4,0),(3344,22223,4,0),(3345,22225,4,0),(3346,11364,4,0),(3347,22228,4,0),(3348,22236,4,0),(3349,22239,4,0),(3350,22240,4,0),(3351,22244,4,0),(3352,22247,4,0),(3353,22250,4,0),(3354,22251,4,0),(3355,22253,4,0),(3356,22254,4,0),(3357,22256,4,0),(3358,22260,4,0),(3359,22262,4,0),(3360,11389,4,0),(3361,22266,4,0),(3362,22267,4,0),(3363,22272,4,0),(3364,22275,4,0),(3365,22280,4,0),(3366,22282,4,0),(3367,22283,4,0),(3368,11424,4,0),(3369,22292,4,0),(3370,22298,4,0),(3371,22300,4,0),(3372,11442,4,0),(3373,11444,4,0),(3374,22302,4,0),(3375,22307,4,0),(3376,22308,4,0),(3377,22312,4,0),(3378,22315,4,0),(3379,22317,4,0),(3380,11452,4,0),(3381,22318,4,0),(3382,22321,4,0),(3383,22323,4,0),(3384,11465,4,0),(3385,11471,4,0),(3386,22325,4,0),(3387,22328,4,0),(3388,22331,4,0),(3389,22332,4,0),(3390,11503,4,0),(3391,22335,4,0),(3392,22339,4,0),(3393,11532,4,0),(3394,11534,4,0),(3395,11537,4,0),(3396,22341,4,0),(3397,11541,4,0),(3398,22343,4,0),(3399,22344,4,0),(3400,22346,4,0),(3401,11550,4,0),(3402,22347,4,0),(3403,22349,4,0),(3404,22350,4,0),(3405,22351,4,0),(3406,11551,4,0),(3407,22354,4,0),(3408,11553,4,0),(3409,22355,4,0),(3410,11554,4,0),(3411,22358,4,0),(3412,22361,4,0),(3413,22362,4,0),(3414,22365,4,0),(3415,22369,4,0),(3416,22371,4,0),(3417,22376,4,0),(3418,22378,4,0),(3419,22380,4,0),(3420,11569,4,0),(3421,11571,4,0),(3422,22383,4,0),(3423,11576,4,0),(3424,22388,4,0),(3425,11581,4,0),(3426,22390,4,0),(3427,22393,4,0),(3428,22394,4,0),(3429,22395,4,0),(3430,22397,4,0),(3431,22399,4,0),(3432,22400,4,0),(3433,22405,4,0),(3434,22410,4,0),(3435,11610,4,0),(3436,22425,4,0),(3437,11616,4,0),(3438,11620,4,0),(3439,22426,4,0),(3440,22427,4,0),(3441,22430,4,0),(3442,22437,4,0),(3443,22445,4,0),(3444,22446,4,0),(3445,11647,4,0),(3446,22449,4,0),(3447,22453,4,0),(3448,22454,4,0),(3449,22457,4,0),(3450,22459,4,0),(3451,11655,4,0),(3452,22469,4,0),(3453,22472,4,0),(3454,22474,4,0),(3455,11661,4,0),(3456,22475,4,0),(3457,22478,4,0),(3458,22479,4,0),(3459,11675,4,0),(3460,22484,4,0),(3461,22487,4,0),(3462,11679,4,0),(3463,11700,4,0),(3464,11701,4,0),(3465,22492,4,0),(3466,22495,4,0),(3467,11712,4,0),(3468,22496,4,0),(3469,22498,4,0),(3470,11717,4,0),(3471,22499,4,0),(3472,22501,4,0),(3473,22503,4,0),(3474,22505,4,0),(3475,22506,4,0),(3476,22507,4,0),(3477,22510,4,0),(3478,22512,4,0),(3479,11724,4,0),(3480,22514,4,0),(3481,11726,4,0),(3482,22518,4,0),(3483,11730,4,0),(3484,11733,4,0),(3485,22522,4,0),(3486,22524,4,0),(3487,22526,4,0),(3488,22529,4,0),(3489,22532,4,0),(3490,22534,4,0),(3491,22535,4,0),(3492,22536,4,0),(3493,22541,4,0),(3494,11747,4,0),(3495,22548,4,0),(3496,11750,4,0),(3497,11751,4,0),(3498,22554,4,0),(3499,22556,4,0),(3500,22561,4,0),(3501,22562,4,0),(3502,11756,4,0),(3503,22563,4,0),(3504,22568,4,0),(3505,22573,4,0),(3506,11764,4,0),(3507,22575,4,0),(3508,11769,4,0),(3509,22576,4,0),(3510,11772,4,0),(3511,22579,4,0),(3512,11774,4,0),(3513,22580,4,0),(3514,11778,4,0),(3515,22590,4,0),(3516,22592,4,0),(3517,22595,4,0),(3518,22597,4,0),(3519,22602,4,0),(3520,11787,4,0),(3521,11793,4,0),(3522,22607,4,0),(3523,22610,4,0),(3524,22614,4,0),(3525,22618,4,0),(3526,22620,4,0),(3527,11811,4,0),(3528,11813,4,0),(3529,22626,4,0),(3530,22627,4,0),(3531,11816,4,0),(3532,22631,4,0),(3533,22640,4,0),(3534,22644,4,0),(3535,22653,4,0),(3536,22654,4,0),(3537,22656,4,0),(3538,11821,4,0),(3539,22657,4,0),(3540,22660,4,0),(3541,11838,4,0),(3542,11844,4,0),(3543,22662,4,0),(3544,22663,4,0),(3545,22664,4,0),(3546,22670,4,0),(3547,22671,4,0),(3548,22672,4,0),(3549,22677,4,0),(3550,11863,4,0),(3551,22683,4,0),(3552,22685,4,0),(3553,22688,4,0),(3554,11870,4,0),(3555,22691,4,0),(3556,11872,4,0),(3557,22694,4,0),(3558,22697,4,0),(3559,11878,4,0),(3560,22701,4,0),(3561,22710,4,0),(3562,22712,4,0),(3563,22717,4,0),(3564,11882,4,0),(3565,22722,4,0),(3566,22723,4,0),(3567,11888,4,0),(3568,22728,4,0),(3569,11889,4,0),(3570,22736,4,0),(3571,22741,4,0),(3572,22743,4,0),(3573,22751,4,0),(3574,22754,4,0),(3575,11906,4,0),(3576,22760,4,0),(3577,22762,4,0),(3578,22763,4,0),(3579,22767,4,0),(3580,22768,4,0),(3581,22769,4,0),(3582,11923,4,0),(3583,22770,4,0),(3584,11924,4,0),(3585,22773,4,0),(3586,22775,4,0),(3587,22778,4,0),(3588,22780,4,0),(3589,22781,4,0),(3590,22782,4,0),(3591,22783,4,0),(3592,22785,4,0),(3593,22786,4,0),(3594,22796,4,0),(3595,22797,4,0),(3596,22800,4,0),(3597,11934,4,0),(3598,22804,4,0),(3599,11936,4,0),(3600,11938,4,0),(3601,22806,4,0),(3602,22808,4,0),(3603,22811,4,0),(3604,22812,4,0),(3605,22813,4,0),(3606,22814,4,0),(3607,22817,4,0),(3608,22818,4,0),(3609,22819,4,0),(3610,22824,4,0),(3611,11952,4,0),(3612,22825,4,0),(3613,22828,4,0),(3614,22829,4,0),(3615,22832,4,0),(3616,22834,4,0),(3617,22835,4,0),(3618,22840,4,0),(3619,22843,4,0),(3620,22844,4,0),(3621,22848,4,0),(3622,11969,4,0),(3623,22850,4,0),(3624,22854,4,0),(3625,22855,4,0),(3626,22859,4,0),(3627,22863,4,0),(3628,22865,4,0),(3629,22868,4,0),(3630,22875,4,0),(3631,22876,4,0),(3632,22881,4,0),(3633,22884,4,0),(3634,22887,4,0),(3635,11980,4,0),(3636,22889,4,0),(3637,22894,4,0),(3638,22896,4,0),(3639,22898,4,0),(3640,11985,4,0),(3641,22902,4,0),(3642,22917,4,0),(3643,22918,4,0),(3644,22919,4,0),(3645,22925,4,0),(3646,22927,4,0),(3647,22928,4,0),(3648,11999,4,0),(3649,22931,4,0),(3650,22935,4,0),(3651,12015,4,0),(3652,22946,4,0),(3653,22948,4,0),(3654,22950,4,0),(3655,12023,4,0),(3656,22951,4,0),(3657,22952,4,0),(3658,22957,4,0),(3659,22958,4,0),(3660,12036,4,0),(3661,12046,4,0),(3662,12048,4,0),(3663,22961,4,0),(3664,12054,4,0),(3665,12056,4,0),(3666,12057,4,0),(3667,12060,4,0),(3668,12067,4,0),(3669,12068,4,0),(3670,22965,4,0),(3671,22969,4,0),(3672,22972,4,0),(3673,22981,4,0),(3674,22983,4,0),(3675,22985,4,0),(3676,22986,4,0),(3677,22988,4,0),(3678,22989,4,0),(3679,22993,4,0),(3680,12106,4,0),(3681,12114,4,0),(3682,22996,4,0),(3683,12116,4,0),(3684,22997,4,0),(3685,12119,4,0),(3686,23005,4,0),(3687,23011,4,0),(3688,23012,4,0),(3689,23015,4,0),(3690,23016,4,0),(3691,12132,4,0),(3692,23030,4,0),(3693,23035,4,0),(3694,12136,4,0),(3695,12137,4,0),(3696,23036,4,0),(3697,23041,4,0),(3698,23043,4,0),(3699,23045,4,0),(3700,23048,4,0),(3701,12158,4,0),(3702,23050,4,0),(3703,23053,4,0),(3704,12171,4,0),(3705,12172,4,0),(3706,23054,4,0),(3707,12180,4,0),(3708,23055,4,0),(3709,23056,4,0),(3710,23057,4,0),(3711,23058,4,0),(3712,23060,4,0),(3713,23063,4,0),(3714,23069,4,0),(3715,23073,4,0),(3716,23074,4,0),(3717,23078,4,0),(3718,23079,4,0),(3719,23082,4,0),(3720,12192,4,0),(3721,23085,4,0),(3722,12196,4,0),(3723,23086,4,0),(3724,23088,4,0),(3725,12200,4,0),(3726,23090,4,0),(3727,12201,4,0),(3728,23091,4,0),(3729,6292,4,0),(3730,23095,4,0),(3731,23097,4,0),(3732,23100,4,0),(3733,23102,4,0),(3734,23103,4,0),(3735,23107,4,0),(3736,23111,4,0),(3737,23117,4,0),(3738,23118,4,0),(3739,23121,4,0),(3740,23122,4,0),(3741,23123,4,0),(3742,23124,4,0),(3743,12294,4,0),(3744,23125,4,0),(3745,12296,4,0),(3746,12297,4,0),(3747,12298,4,0),(3748,23129,4,0),(3749,23132,4,0),(3750,23135,4,0),(3751,23138,4,0),(3752,23140,4,0),(3753,23141,4,0),(3754,23143,4,0),(3755,23144,4,0),(3756,23148,4,0),(3757,23150,4,0),(3758,23153,4,0),(3759,12330,4,0),(3760,23154,4,0),(3761,23155,4,0),(3762,23156,4,0),(3763,23157,4,0),(3764,12333,4,0),(3765,23159,4,0),(3766,12334,4,0),(3767,23166,4,0),(3768,23172,4,0),(3769,23174,4,0),(3770,23175,4,0),(3771,23176,4,0),(3772,23178,4,0),(3773,23185,4,0),(3774,23186,4,0),(3775,12373,4,0),(3776,23193,4,0),(3777,23197,4,0),(3778,23198,4,0),(3779,12386,4,0),(3780,23200,4,0),(3781,23203,4,0),(3782,23211,4,0),(3783,23212,4,0),(3784,23215,4,0),(3785,23216,4,0),(3786,23219,4,0),(3787,23220,4,0),(3788,23225,4,0),(3789,1255,4,0),(3790,12417,4,0),(3791,23231,4,0),(3792,23232,4,0),(3793,23236,4,0),(3794,23237,4,0),(3795,23243,4,0),(3796,23251,4,0),(3797,12422,4,0),(3798,23252,4,0),(3799,23253,4,0),(3800,12423,4,0),(3801,23254,4,0),(3802,23256,4,0),(3803,23258,4,0),(3804,23259,4,0),(3805,12426,4,0),(3806,12439,4,0),(3807,23262,4,0),(3808,12442,4,0),(3809,23263,4,0),(3810,23265,4,0),(3811,12147,4,0),(3812,23266,4,0),(3813,12446,4,0),(3814,23268,4,0),(3815,23270,4,0),(3816,23272,4,0),(3817,23275,4,0),(3818,23277,4,0),(3819,23278,4,0),(3820,12465,4,0),(3821,23280,4,0),(3822,12466,4,0),(3823,23281,4,0),(3824,23283,4,0),(3825,23284,4,0),(3826,23285,4,0),(3827,23292,4,0),(3828,12472,4,0),(3829,23294,4,0),(3830,12477,4,0),(3831,12480,4,0),(3832,23300,4,0),(3833,23305,4,0),(3834,12490,4,0),(3835,23317,4,0),(3836,12492,4,0),(3837,23324,4,0),(3838,12495,4,0),(3839,12498,4,0),(3840,23326,4,0),(3841,23328,4,0),(3842,23329,4,0),(3843,23333,4,0),(3844,23335,4,0),(3845,12522,4,0),(3846,23337,4,0),(3847,23339,4,0),(3848,23348,4,0),(3849,23351,4,0),(3850,12530,4,0),(3851,23352,4,0),(3852,23357,4,0),(3853,23358,4,0),(3854,23362,4,0),(3855,23363,4,0),(3856,23366,4,0),(3857,12534,4,0),(3858,23367,4,0),(3859,12537,4,0),(3860,23370,4,0),(3861,23371,4,0),(3862,12546,4,0),(3863,23374,4,0),(3864,23376,4,0),(3865,23379,4,0),(3866,12549,4,0),(3867,23380,4,0),(3868,12550,4,0),(3869,23382,4,0),(3870,23383,4,0),(3871,23386,4,0),(3872,23392,4,0),(3873,12583,4,0),(3874,12586,4,0),(3875,23396,4,0),(3876,23398,4,0),(3877,12598,4,0),(3878,12599,4,0),(3879,23399,4,0),(3880,12606,4,0),(3881,23400,4,0),(3882,12610,4,0),(3883,23408,4,0),(3884,23415,4,0),(3885,23418,4,0),(3886,23420,4,0),(3887,12631,4,0),(3888,23421,4,0),(3889,23423,4,0),(3890,12648,4,0),(3891,23425,4,0),(3892,12667,4,0),(3893,23426,4,0),(3894,23429,4,0),(3895,12671,4,0),(3896,23431,4,0),(3897,12674,4,0),(3898,23433,4,0),(3899,23436,4,0),(3900,23439,4,0),(3901,23441,4,0),(3902,23442,4,0),(3903,23444,4,0),(3904,12695,4,0),(3905,23445,4,0),(3906,12696,4,0),(3907,23447,4,0),(3908,23450,4,0),(3909,23451,4,0),(3910,23452,4,0),(3911,23453,4,0),(3912,23454,4,0),(3913,23457,4,0),(3914,23458,4,0),(3915,23460,4,0),(3916,23462,4,0),(3917,23463,4,0),(3918,23464,4,0),(3919,23468,4,0),(3920,23471,4,0),(3921,12718,4,0),(3922,23472,4,0),(3923,23474,4,0),(3924,23476,4,0),(3925,23480,4,0),(3926,23483,4,0),(3927,23485,4,0),(3928,23486,4,0),(3929,23487,4,0),(3930,12759,4,0),(3931,12766,4,0),(3932,23490,4,0),(3933,23497,4,0),(3934,23498,4,0),(3935,23500,4,0),(3936,23503,4,0),(3937,23505,4,0),(3938,23506,4,0),(3939,23508,4,0),(3940,23509,4,0),(3941,23510,4,0),(3942,23513,4,0),(3943,23514,4,0),(3944,23515,4,0),(3945,23517,4,0),(3946,23519,4,0),(3947,23520,4,0),(3948,23523,4,0),(3949,23525,4,0),(3950,23526,4,0),(3951,23528,4,0),(3952,23529,4,0),(3953,23530,4,0),(3954,23533,4,0),(3955,23534,4,0),(3956,12830,4,0),(3957,23535,4,0),(3958,23537,4,0),(3959,23538,4,0),(3960,12841,4,0),(3961,23540,4,0),(3962,23541,4,0),(3963,23545,4,0),(3964,13507,4,0.5),(3965,23549,4,0),(3966,23550,4,0),(3967,23553,4,0),(3968,23554,4,0),(3969,23557,4,0),(3970,23558,4,0),(3971,23564,4,0),(3972,23565,4,0),(3973,23567,4,0),(3974,12881,4,0),(3975,23568,4,0),(3976,23571,4,0),(3977,23572,4,0),(3978,23573,4,0),(3979,23575,4,0),(3980,23576,4,0),(3981,23578,4,0),(3982,12898,4,0),(3983,23580,4,0),(3984,23581,4,0),(3985,23583,4,0),(3986,23585,4,0),(3987,23586,4,0),(3988,12902,4,0),(3989,23587,4,0),(3990,23592,4,0),(3991,23594,4,0),(3992,23596,4,0),(3993,23598,4,0),(3994,23599,4,0),(3995,23601,4,0),(3996,23602,4,0),(3997,23605,4,0),(3998,23606,4,0),(3999,23608,4,0),(4000,12950,4,0),(4001,23610,4,0),(4002,12962,4,0),(4003,23612,4,0),(4004,23613,4,0),(4005,23614,4,0),(4006,23616,4,0),(4007,12967,4,0),(4008,23617,4,0),(4009,23621,4,0),(4010,23623,4,0),(4011,23625,4,0),(4012,12973,4,0),(4013,23628,4,0),(4014,23632,4,0),(4015,23636,4,0),(4016,23638,4,0),(4017,23639,4,0),(4018,23640,4,0),(4019,12984,4,0),(4020,23641,4,0),(4021,23646,4,0),(4022,23647,4,0),(4023,23651,4,0),(4024,23654,4,0),(4025,23656,4,0),(4026,23662,4,0),(4027,23663,4,0),(4028,23666,4,0),(4029,12998,4,0),(4030,23669,4,0),(4031,13004,4,0),(4032,23670,4,0),(4033,13013,4,0),(4034,13016,4,0),(4035,23673,4,0),(4036,23675,4,0),(4037,23676,4,0),(4038,23680,4,0),(4039,13023,4,0),(4040,13026,4,0),(4041,23681,4,0),(4042,13027,4,0),(4043,23682,4,0),(4044,23684,4,0),(4045,23687,4,0),(4046,13032,4,0),(4047,23690,4,0),(4048,13035,4,0),(4049,23695,4,0),(4050,13038,4,0),(4051,23701,4,0),(4052,23703,4,0),(4053,23704,4,0),(4054,13039,4,0),(4055,13040,4,0),(4056,23705,4,0),(4057,23709,4,0),(4058,23710,4,0),(4059,23712,4,0),(4060,13059,4,0),(4061,23713,4,0),(4062,23716,4,0),(4063,23718,4,0),(4064,23719,4,0),(4065,23720,4,0),(4066,23721,4,0),(4067,23722,4,0),(4068,13068,4,0),(4069,23723,4,0),(4070,13077,4,0),(4071,23725,4,0),(4072,13078,4,0),(4073,23729,4,0),(4074,23731,4,0),(4075,23733,4,0),(4076,13083,4,0),(4077,23734,4,0),(4078,13107,4,0),(4079,23736,4,0),(4080,13109,4,0),(4081,23737,4,0),(4082,23738,4,0),(4083,13110,4,0),(4084,23739,4,0),(4085,23741,4,0),(4086,23742,4,0),(4087,13111,4,0),(4088,23743,4,0),(4089,13118,4,0),(4090,13130,4,0),(4091,13131,4,0),(4092,23746,4,0),(4093,23748,4,0),(4094,23750,4,0),(4095,23752,4,0),(4096,23759,4,0),(4097,13143,4,0),(4098,13156,4,0),(4099,23760,4,0),(4100,23761,4,0),(4101,13159,4,0),(4102,23762,4,0),(4103,23763,4,0),(4104,23764,4,0),(4105,13160,4,0),(4106,13164,4,0),(4107,13168,4,0),(4108,23768,4,0),(4109,23769,4,0),(4110,13178,4,0),(4111,23770,4,0),(4112,23775,4,0),(4113,23777,4,0),(4114,23779,4,0),(4115,13190,4,0),(4116,23780,4,0),(4117,13194,4,0),(4118,23781,4,0),(4119,23782,4,0),(4120,23784,4,0),(4121,13197,4,0),(4122,23785,4,0),(4123,23786,4,0),(4124,23788,4,0),(4125,23792,4,0),(4126,23793,4,0),(4127,23794,4,0),(4128,23798,4,0),(4129,23799,4,0),(4130,23802,4,0),(4131,23810,4,0),(4132,23814,4,0),(4133,23815,4,0),(4134,23819,4,0),(4135,23821,4,0),(4136,13207,4,0),(4137,23825,4,0),(4138,23828,4,0),(4139,23830,4,0),(4140,13213,4,0),(4141,23831,4,0),(4142,23833,4,0),(4143,23834,4,0),(4144,23835,4,0),(4145,23836,4,0),(4146,23837,4,0),(4147,23838,4,0),(4148,13217,4,0),(4149,13221,4,0),(4150,23840,4,0),(4151,23842,4,0),(4152,13236,4,0),(4153,12254,4,0),(4154,23844,4,0),(4155,23846,4,0),(4156,23848,4,0),(4157,23853,4,0),(4158,13248,4,0),(4159,13267,4,0),(4160,23856,4,0),(4161,13271,4,0),(4162,23859,4,0),(4163,23865,4,0),(4164,13275,4,0),(4165,23868,4,0),(4166,23869,4,0),(4167,23871,4,0),(4168,13294,4,0),(4169,23872,4,0),(4170,13297,4,0),(4171,23876,4,0),(4172,23877,4,0),(4173,23878,4,0),(4174,23879,4,0),(4175,23881,4,0),(4176,1916,4,0),(4177,23885,4,0),(4178,13321,4,0),(4179,13322,4,0),(4180,23887,4,0),(4181,23889,4,0),(4182,23890,4,0),(4183,23891,4,0),(4184,23892,4,0),(4185,23893,4,0),(4186,23894,4,0),(4187,23896,4,0),(4188,23897,4,0),(4189,23902,4,0),(4190,23904,4,0),(4191,23908,4,0),(4192,23910,4,0),(4193,23914,4,0),(4194,23915,4,0),(4195,23916,4,0),(4196,23919,4,0),(4197,23920,4,0),(4198,23942,4,0),(4199,13343,4,0),(4200,23943,4,0),(4201,13344,4,0),(4202,23945,4,0),(4203,13365,4,0),(4204,23959,4,0),(4205,13368,4,0),(4206,23964,4,0),(4207,23966,4,0),(4208,13374,4,0),(4209,23967,4,0),(4210,23970,4,0),(4211,23971,4,0),(4212,23972,4,0),(4213,23973,4,0),(4214,23974,4,0),(4215,23977,4,0),(4216,13378,4,0),(4217,23982,4,0),(4218,23984,4,0),(4219,23985,4,0),(4220,13384,4,0),(4221,23990,4,0),(4222,23991,4,0),(4223,23992,4,0),(4224,13393,4,0),(4225,13397,4,0),(4226,23995,4,0),(4227,13413,4,0),(4228,23999,4,0),(4229,24000,4,0),(4230,13419,4,0),(4231,13420,4,0),(4232,24002,4,0),(4233,24004,4,0),(4234,24006,4,0),(4235,24010,4,0),(4236,13426,4,0),(4237,24019,4,0),(4238,24032,4,0),(4239,13428,4,0),(4240,24034,4,0),(4241,13432,4,0),(4242,24036,4,0),(4243,24038,4,0),(4244,13438,4,0),(4245,13439,4,0),(4246,24040,4,0),(4247,24041,4,0),(4248,13443,4,0),(4249,13445,4,0),(4250,24043,4,0),(4251,24044,4,0),(4252,24046,4,0),(4253,24056,4,0),(4254,24061,4,0),(4255,13461,4,0),(4256,24063,4,0),(4257,24065,4,0),(4258,24066,4,0),(4259,24069,4,0),(4260,24070,4,0),(4261,19206,1,1),(4262,24478,1,0),(4263,24479,1,0),(4264,18836,1,0.5),(4265,20505,1,1),(4266,16497,1,0),(4267,21620,1,0),(4268,6002,1,0),(4269,21460,1,0),(4270,2870,1,0),(4271,21936,1,1),(4272,23977,1,0),(4273,17170,1,1),(4274,15277,1,0),(4275,24480,5,0),(4276,24481,5,0),(4277,24482,5,0),(4278,18082,5,0),(4279,24483,5,0),(4280,13759,5,0),(4281,24484,5,0),(4282,12180,5,0),(4283,10,5,0),(4284,12254,5,0),(4285,24485,1,0),(4286,24486,1,0),(4287,17821,1,1),(4288,24487,1,0),(4289,24488,1,0),(4290,19026,1,0),(4291,24489,1,0),(4292,24490,1,0),(4293,19699,1,0.5),(4294,24497,1,0),(4295,23193,1,0),(4296,13026,1,0),(4297,24498,1,0),(4298,11871,1,0),(4299,22139,1,0),(4300,22323,1,0),(4301,24075,3,0),(4302,822,3,0),(4303,19207,1,0),(4304,13,6,0),(4305,14,6,0);
/*!40000 ALTER TABLE `DictionaryWord` ENABLE KEYS */;
UNLOCK TABLES;

--
-- Table structure for table `Point`
--

DROP TABLE IF EXISTS `Point`;
/*!40101 SET @saved_cs_client     = @@character_set_client */;
/*!40101 SET character_set_client = utf8 */;
CREATE TABLE `Point` (
  `id` int(11) NOT NULL AUTO_INCREMENT,
  `result_id` int(11) DEFAULT NULL,
  `word_id` int(11) DEFAULT NULL,
  `point` int(11) NOT NULL,
  `created` datetime NOT NULL,
  PRIMARY KEY (`id`),
  KEY `IDX_7664DC207A7B643` (`result_id`),
  KEY `IDX_7664DC20E357438D` (`word_id`),
  CONSTRAINT `FK_7664DC207A7B643` FOREIGN KEY (`result_id`) REFERENCES `Result` (`id`),
  CONSTRAINT `FK_7664DC20E357438D` FOREIGN KEY (`word_id`) REFERENCES `Word` (`id`)
) ENGINE=InnoDB DEFAULT CHARSET=utf8 COLLATE=utf8_unicode_ci;
/*!40101 SET character_set_client = @saved_cs_client */;

--
-- Dumping data for table `Point`
--

LOCK TABLES `Point` WRITE;
/*!40000 ALTER TABLE `Point` DISABLE KEYS */;
/*!40000 ALTER TABLE `Point` ENABLE KEYS */;
UNLOCK TABLES;

--
-- Table structure for table `Result`
--

DROP TABLE IF EXISTS `Result`;
/*!40101 SET @saved_cs_client     = @@character_set_client */;
/*!40101 SET character_set_client = utf8 */;
CREATE TABLE `Result` (
  `id` int(11) NOT NULL AUTO_INCREMENT,
  `user_id` int(11) DEFAULT NULL,
  `test_id` int(11) DEFAULT NULL,
  `score` int(11) DEFAULT NULL,
  `created` datetime NOT NULL,
  PRIMARY KEY (`id`),
  KEY `IDX_14C6C425A76ED395` (`user_id`),
  KEY `IDX_14C6C4251E5D0459` (`test_id`),
  CONSTRAINT `FK_14C6C4251E5D0459` FOREIGN KEY (`test_id`) REFERENCES `Test` (`id`),
  CONSTRAINT `FK_14C6C425A76ED395` FOREIGN KEY (`user_id`) REFERENCES `User` (`id`)
) ENGINE=InnoDB DEFAULT CHARSET=utf8 COLLATE=utf8_unicode_ci;
/*!40101 SET character_set_client = @saved_cs_client */;

--
-- Dumping data for table `Result`
--

LOCK TABLES `Result` WRITE;
/*!40000 ALTER TABLE `Result` DISABLE KEYS */;
/*!40000 ALTER TABLE `Result` ENABLE KEYS */;
UNLOCK TABLES;

--
-- Table structure for table `SubWord`
--

DROP TABLE IF EXISTS `SubWord`;
/*!40101 SET @saved_cs_client     = @@character_set_client */;
/*!40101 SET character_set_client = utf8 */;
CREATE TABLE `SubWord` (
  `id` int(11) NOT NULL AUTO_INCREMENT,
  `word_id` int(11) DEFAULT NULL,
  `expression` varchar(255) COLLATE utf8_unicode_ci DEFAULT NULL,
  `category` varchar(255) COLLATE utf8_unicode_ci DEFAULT NULL,
  `sense` varchar(250) COLLATE utf8_unicode_ci DEFAULT NULL,
  PRIMARY KEY (`id`),
  KEY `IDX_75CB9138E357438D` (`word_id`),
  CONSTRAINT `FK_75CB9138E357438D` FOREIGN KEY (`word_id`) REFERENCES `Word` (`id`)
) ENGINE=InnoDB DEFAULT CHARSET=utf8 COLLATE=utf8_unicode_ci;
/*!40101 SET character_set_client = @saved_cs_client */;

--
-- Dumping data for table `SubWord`
--

LOCK TABLES `SubWord` WRITE;
/*!40000 ALTER TABLE `SubWord` DISABLE KEYS */;
/*!40000 ALTER TABLE `SubWord` ENABLE KEYS */;
UNLOCK TABLES;

--
-- Table structure for table `Suck`
--

DROP TABLE IF EXISTS `Suck`;
/*!40101 SET @saved_cs_client     = @@character_set_client */;
/*!40101 SET character_set_client = utf8 */;
CREATE TABLE `Suck` (
  `id` int(11) NOT NULL AUTO_INCREMENT,
  `page` int(11) NOT NULL,
  `url` varchar(255) COLLATE utf8_unicode_ci NOT NULL,
  `hmtl` longtext COLLATE utf8_unicode_ci NOT NULL,
  PRIMARY KEY (`id`)
) ENGINE=InnoDB DEFAULT CHARSET=utf8 COLLATE=utf8_unicode_ci;
/*!40101 SET character_set_client = @saved_cs_client */;

--
-- Dumping data for table `Suck`
--

LOCK TABLES `Suck` WRITE;
/*!40000 ALTER TABLE `Suck` DISABLE KEYS */;
/*!40000 ALTER TABLE `Suck` ENABLE KEYS */;
UNLOCK TABLES;

--
-- Table structure for table `Test`
--

DROP TABLE IF EXISTS `Test`;
/*!40101 SET @saved_cs_client     = @@character_set_client */;
/*!40101 SET character_set_client = utf8 */;
CREATE TABLE `Test` (
  `id` int(11) NOT NULL AUTO_INCREMENT,
  `dictionary_id` int(11) DEFAULT NULL,
  `user_id` int(11) DEFAULT NULL,
  `created` datetime NOT NULL,
  PRIMARY KEY (`id`),
  KEY `IDX_784DD132AF5E5B3C` (`dictionary_id`),
  KEY `IDX_784DD132A76ED395` (`user_id`),
  CONSTRAINT `FK_784DD132A76ED395` FOREIGN KEY (`user_id`) REFERENCES `User` (`id`),
  CONSTRAINT `FK_784DD132AF5E5B3C` FOREIGN KEY (`dictionary_id`) REFERENCES `Dictionary` (`id`)
) ENGINE=InnoDB DEFAULT CHARSET=utf8 COLLATE=utf8_unicode_ci;
/*!40101 SET character_set_client = @saved_cs_client */;

--
-- Dumping data for table `Test`
--

LOCK TABLES `Test` WRITE;
/*!40000 ALTER TABLE `Test` DISABLE KEYS */;
/*!40000 ALTER TABLE `Test` ENABLE KEYS */;
UNLOCK TABLES;

--
-- Table structure for table `TestWord`
--

DROP TABLE IF EXISTS `TestWord`;
/*!40101 SET @saved_cs_client     = @@character_set_client */;
/*!40101 SET character_set_client = utf8 */;
CREATE TABLE `TestWord` (
  `test_id` int(11) NOT NULL,
  `word_id` int(11) NOT NULL,
  PRIMARY KEY (`test_id`,`word_id`),
  KEY `IDX_AEA37D441E5D0459` (`test_id`),
  KEY `IDX_AEA37D44E357438D` (`word_id`),
  CONSTRAINT `FK_AEA37D441E5D0459` FOREIGN KEY (`test_id`) REFERENCES `Test` (`id`) ON DELETE CASCADE,
  CONSTRAINT `FK_AEA37D44E357438D` FOREIGN KEY (`word_id`) REFERENCES `Word` (`id`) ON DELETE CASCADE
) ENGINE=InnoDB DEFAULT CHARSET=utf8 COLLATE=utf8_unicode_ci;
/*!40101 SET character_set_client = @saved_cs_client */;

--
-- Dumping data for table `TestWord`
--

LOCK TABLES `TestWord` WRITE;
/*!40000 ALTER TABLE `TestWord` DISABLE KEYS */;
/*!40000 ALTER TABLE `TestWord` ENABLE KEYS */;
UNLOCK TABLES;

--
-- Table structure for table `User`
--

DROP TABLE IF EXISTS `User`;
/*!40101 SET @saved_cs_client     = @@character_set_client */;
/*!40101 SET character_set_client = utf8 */;
CREATE TABLE `User` (
  `id` int(11) NOT NULL AUTO_INCREMENT,
  `username` varchar(255) COLLATE utf8_unicode_ci NOT NULL,
  `username_canonical` varchar(255) COLLATE utf8_unicode_ci NOT NULL,
  `email` varchar(255) COLLATE utf8_unicode_ci NOT NULL,
  `email_canonical` varchar(255) COLLATE utf8_unicode_ci NOT NULL,
  `enabled` tinyint(1) NOT NULL,
  `salt` varchar(255) COLLATE utf8_unicode_ci NOT NULL,
  `password` varchar(255) COLLATE utf8_unicode_ci NOT NULL,
  `last_login` datetime DEFAULT NULL,
  `locked` tinyint(1) NOT NULL,
  `expired` tinyint(1) NOT NULL,
  `expires_at` datetime DEFAULT NULL,
  `confirmation_token` varchar(255) COLLATE utf8_unicode_ci DEFAULT NULL,
  `password_requested_at` datetime DEFAULT NULL,
  `roles` longtext COLLATE utf8_unicode_ci NOT NULL COMMENT '(DC2Type:array)',
  `credentials_expired` tinyint(1) NOT NULL,
  `credentials_expire_at` datetime DEFAULT NULL,
  `private` int(11) NOT NULL,
  PRIMARY KEY (`id`),
  UNIQUE KEY `UNIQ_2DA1797792FC23A8` (`username_canonical`),
  UNIQUE KEY `UNIQ_2DA17977A0D96FBF` (`email_canonical`)
) ENGINE=InnoDB AUTO_INCREMENT=8 DEFAULT CHARSET=utf8 COLLATE=utf8_unicode_ci;
/*!40101 SET character_set_client = @saved_cs_client */;

--
-- Dumping data for table `User`
--

LOCK TABLES `User` WRITE;
/*!40000 ALTER TABLE `User` DISABLE KEYS */;
INSERT INTO `User` VALUES (1,'robf33','robf33','robf33@gmail.com','robf33@gmail.com',0,'mfvtyhwrxasook0sw8gg0ogos48sks4','robf33@gmail.com',NULL,0,0,NULL,NULL,NULL,'a:0:{}',0,NULL,0),(2,'rhoade01','rhoade01','rhoade01@hotmail.com','rhoade01@hotmail.com',0,'3r57v5l3bwkksw0o4oc88sk0s0s0ow8','rhoade01@hotmail.com',NULL,0,0,NULL,NULL,NULL,'a:0:{}',0,NULL,0),(3,'suecos2001','suecos2001','suecos2001@yahoo.com','suecos2001@yahoo.com',0,'goe3mlwax0oos04ccggc8g8888ks08g','suecos2001@yahoo.com',NULL,0,0,NULL,NULL,NULL,'a:0:{}',0,NULL,0),(4,'rjwilburn_34','rjwilburn_34','rjwilburn_34@yahoo.com','rjwilburn_34@yahoo.com',0,'bbwco5mu43woww4scsgg4840oskss8o','rjwilburn_34@yahoo.com',NULL,0,0,NULL,NULL,NULL,'a:0:{}',0,NULL,0),(5,'helmut.heike.meyer','helmut.heike.meyer','helmut.heike.meyer@t-online.de','helmut.heike.meyer@t-online.de',0,'pd2hetyw9qockggwo0gws00okcgsc4g','helmut.heike.meyer@t-online.de',NULL,0,0,NULL,NULL,NULL,'a:0:{}',0,NULL,0),(6,'hmartin.fr','hmartin.fr','hmartin.fr@gmail.com','hmartin.fr@gmail.com',0,'pllaq9de5qo8g08w00k4gw88ckkwo00','hmartin.fr@gmail.com',NULL,0,0,NULL,NULL,NULL,'a:0:{}',0,NULL,0),(7,'hmartin','hmartin','hmartin@izidot.com','hmartin@izidot.com',0,'at0foef95g8cw80ww04okg4o80cc040','hmartin@izidot.com',NULL,0,0,NULL,NULL,NULL,'a:0:{}',0,NULL,0);
/*!40000 ALTER TABLE `User` ENABLE KEYS */;
UNLOCK TABLES;

--
-- Table structure for table `Word`
--

DROP TABLE IF EXISTS `Word`;
/*!40101 SET @saved_cs_client     = @@character_set_client */;
/*!40101 SET character_set_client = utf8 */;
CREATE TABLE `Word` (
  `id` int(11) NOT NULL AUTO_INCREMENT,
  `word` varchar(255) COLLATE utf8_unicode_ci NOT NULL,
  `local` varchar(5) COLLATE utf8_unicode_ci NOT NULL,
  `certified` int(11) NOT NULL,
  `created` datetime NOT NULL,
  `disabled` int(11) NOT NULL,
  `score` double DEFAULT NULL,
  PRIMARY KEY (`id`),
  KEY `search_idx` (`word`,`local`)
) ENGINE=InnoDB AUTO_INCREMENT=15 DEFAULT CHARSET=utf8 COLLATE=utf8_unicode_ci;
/*!40101 SET character_set_client = @saved_cs_client */;

--
-- Dumping data for table `Word`
--

LOCK TABLES `Word` WRITE;
/*!40000 ALTER TABLE `Word` DISABLE KEYS */;
INSERT INTO `Word` VALUES (1,'Array','en',0,'2020-04-08 22:29:38',0,NULL),(2,'Array','en',0,'2020-04-08 22:29:38',0,NULL),(3,'Array','en',0,'2020-04-08 22:29:38',0,NULL),(4,'Array','en',0,'2020-04-08 22:29:38',0,NULL),(5,'Array','en',0,'2020-04-08 22:29:38',0,NULL),(6,'Array','en',0,'2020-04-08 22:29:38',0,NULL),(7,'Array','en',0,'2020-04-08 22:29:39',0,NULL),(8,'Array','en',0,'2020-04-08 22:29:39',0,NULL),(9,'Array','en',0,'2020-04-08 22:29:39',0,NULL),(10,'Array','en',0,'2020-04-08 22:29:39',0,NULL),(11,'Array','en',0,'2020-04-08 22:29:39',0,NULL),(12,'Array','en',0,'2020-04-08 22:29:39',0,NULL),(13,'ankle','en',0,'2020-04-30 15:23:30',0,NULL),(14,'and','en',0,'2020-04-30 15:23:39',0,NULL);
/*!40000 ALTER TABLE `Word` ENABLE KEYS */;
UNLOCK TABLES;

--
-- Table structure for table `Ww`
--

DROP TABLE IF EXISTS `Ww`;
/*!40101 SET @saved_cs_client     = @@character_set_client */;
/*!40101 SET character_set_client = utf8 */;
CREATE TABLE `Ww` (
  `id` int(11) NOT NULL AUTO_INCREMENT,
  `word1_id` int(11) DEFAULT NULL,
  `word2_id` int(11) DEFAULT NULL,
  `certified` int(11) NOT NULL,
  `additional` int(11) NOT NULL,
  `priority` double NOT NULL,
  PRIMARY KEY (`id`),
  KEY `IDX_7A423DF34586854D` (`word1_id`),
  KEY `IDX_7A423DF357332AA3` (`word2_id`),
  CONSTRAINT `FK_7A423DF34586854D` FOREIGN KEY (`word1_id`) REFERENCES `SubWord` (`id`),
  CONSTRAINT `FK_7A423DF357332AA3` FOREIGN KEY (`word2_id`) REFERENCES `SubWord` (`id`)
) ENGINE=InnoDB DEFAULT CHARSET=utf8 COLLATE=utf8_unicode_ci;
/*!40101 SET character_set_client = @saved_cs_client */;

--
-- Dumping data for table `Ww`
--

LOCK TABLES `Ww` WRITE;
/*!40000 ALTER TABLE `Ww` DISABLE KEYS */;
/*!40000 ALTER TABLE `Ww` ENABLE KEYS */;
UNLOCK TABLES;
/*!40103 SET TIME_ZONE=@OLD_TIME_ZONE */;

/*!40101 SET SQL_MODE=@OLD_SQL_MODE */;
/*!40014 SET FOREIGN_KEY_CHECKS=@OLD_FOREIGN_KEY_CHECKS */;
/*!40014 SET UNIQUE_CHECKS=@OLD_UNIQUE_CHECKS */;
/*!40101 SET CHARACTER_SET_CLIENT=@OLD_CHARACTER_SET_CLIENT */;
/*!40101 SET CHARACTER_SET_RESULTS=@OLD_CHARACTER_SET_RESULTS */;
/*!40101 SET COLLATION_CONNECTION=@OLD_COLLATION_CONNECTION */;
/*!40111 SET SQL_NOTES=@OLD_SQL_NOTES */;

-- Dump completed on 2020-04-30 15:52:45
